,0,1,2,3,4,5,6,7,8,9,10
0,0.00020324867,0.00020367737,0.7627042,0.010712053,0.0048023723,0.00067180145,0.20656891,0.0011429775,0.007429904,0.00041830158,0.005142605
1,0.0011400434,0.0019730018,0.29826382,0.56772923,0.011290923,0.1053014,0.009526213,0.0003983616,0.0018463753,0.00123027,0.0013003799
2,0.00071231154,0.00075939577,0.8368276,0.06446462,0.05951777,0.0033910393,0.029103234,0.001454065,0.0020768342,0.00056760584,0.0011256513
3,0.0030148579,0.96035516,0.0010386944,0.0128145395,0.003222397,0.007892681,0.00029633482,0.0011924956,0.0005557156,0.0074843178,0.0021327655
4,0.00061719987,0.0043548075,0.011222323,0.91582507,0.0022911928,0.061114192,0.00024106605,0.000495719,0.001181342,0.0017813758,0.00087564636
5,0.001096074,0.0020753767,0.1846927,0.6030985,0.042836446,0.15095592,0.005871575,0.003972977,0.0011315525,0.0029580893,0.0013107511
6,0.00049952365,0.000825497,0.5117594,0.35516268,0.011991042,0.10660418,0.0058245696,0.0007680474,0.0018549568,0.0014398312,0.0032703294
7,0.525751,0.14510627,0.0021474906,0.0019831727,0.277891,0.010918712,0.004503685,0.008778433,0.0035098493,0.01832455,0.0010858331
8,0.00049624714,0.0004125329,0.4182864,0.010973513,0.011669156,0.0020152144,0.54156435,0.0010465694,0.0045960667,0.00052996643,0.008409987
9,0.00030661904,0.0006790123,0.92798024,0.026799142,0.0072087357,0.0024023713,0.022160526,0.0002864436,0.001979416,0.0012730105,0.008924459
10,0.0032532073,0.038364828,0.01005876,0.6205996,0.010753123,0.30621806,0.0005371674,0.0005283609,0.0006586413,0.008038389,0.000989876
11,0.00041801677,0.0015252922,0.118212655,0.009582122,0.013512644,0.0006211934,0.1802957,0.0013051727,0.019121349,0.0009180353,0.6544877
12,0.0144085465,0.01166244,0.14799906,0.06361286,0.06003543,0.07891629,0.16383201,0.033020478,0.34408563,0.017689917,0.06473728
13,0.0028261144,0.027336765,0.004229328,0.735532,0.0044154963,0.22007199,0.00021698014,0.0005244554,0.00057085155,0.0037354801,0.000540617
14,0.001497016,0.0017557541,0.05094544,0.0022552125,0.019843932,0.0025019075,0.8746616,0.0030157838,0.039688557,0.002738995,0.001095819
15,0.00056686637,0.0023517073,0.019428495,0.80196965,0.003208281,0.16789816,0.0009792492,0.00034205613,0.000559779,0.0010783961,0.0016173755
16,0.0003757129,0.0014294671,0.007068223,0.1151218,0.003822673,0.8690912,0.00043005595,0.00027189177,0.0002921547,0.0011512929,0.00094552536
17,0.0022115256,0.9925128,0.00020070226,0.0007349309,0.0010556336,0.000820832,0.00031595683,0.00066721457,0.00018053013,0.0006804998,0.0006193497
18,0.00053914153,0.0019643141,0.0065771216,0.0968639,0.002807905,0.88863945,0.00041554248,0.00042737997,0.00025523984,0.0009974045,0.00051256816
19,0.00022953031,0.00020074539,0.020431194,0.00061660685,0.0007434644,0.00021894436,0.9702541,0.0026462541,0.0034306967,0.0002384583,0.0009900715
20,0.0013780631,0.004529893,0.025851035,0.92134655,0.002794786,0.03964592,0.00073683343,0.00067070965,0.0005389927,0.0014266368,0.0010805731
21,0.0038827225,0.24698249,0.07531029,0.16091907,0.07943145,0.19705017,0.004916855,0.0021335273,0.0028191493,0.028599937,0.19795433
22,0.030743707,0.017768588,0.06724532,0.009248323,0.22134912,0.017523883,0.2846625,0.15320334,0.18395133,0.011833409,0.0024704752
23,0.0057596206,0.060140293,0.017483572,0.36880758,0.006822139,0.43060207,0.0014838884,0.0045529525,0.002951232,0.09563105,0.005765567
24,0.0033167233,0.0019015841,0.008153524,0.020656673,0.8419159,0.11290612,0.0014483569,0.007229493,0.00072641525,0.0009725161,0.00077271974
25,0.00029375084,0.00032240665,0.40175956,0.0042406456,0.0046855467,0.0004157161,0.57463175,0.0012809923,0.00910465,0.00029919666,0.0029657793
26,0.0018305142,0.0012808475,0.74357104,0.06150798,0.014607969,0.01603225,0.11882615,0.0012133259,0.02434865,0.01116124,0.0056200204
27,0.0023568354,0.99186534,0.00018109582,0.00073172606,0.0013144718,0.000884529,0.00020011861,0.00094238465,0.0001815117,0.0006882445,0.0006537007
28,0.0008395427,0.001601891,0.44477677,0.44037628,0.023207098,0.07524225,0.008674058,0.00082238053,0.0015161161,0.0013417159,0.0016019077
29,0.00051372836,0.0012908365,0.0019553893,0.034430556,0.0009445402,0.95854837,0.00030355615,9.731852e-05,0.00015640081,0.0014988224,0.00026052675
30,0.00047915784,0.00032214358,0.6956428,0.015100686,0.0020066071,0.0024406468,0.26674253,0.00056156964,0.0026342254,0.0010721141,0.01299745
31,0.000665089,0.0064354865,0.0026068895,0.2311645,0.0012030272,0.75558984,0.00020776391,0.00020077967,0.00024004153,0.0010623273,0.00062427967
32,0.0014441495,0.0046280264,0.077622026,0.010576877,0.0017041855,0.0022980473,0.17520961,0.0060708136,0.009280902,0.008059065,0.7031063
33,0.0010213391,0.0048635574,0.010796092,0.9239866,0.0036359043,0.052456956,0.0002519737,0.00045353858,0.00035498184,0.0013997976,0.0007791938
34,0.0023933868,0.69160515,0.0026963907,0.19852364,0.004048531,0.09508704,0.0002828938,0.0008583919,0.0003876695,0.0021869806,0.0019299233
35,0.00044122976,0.0007139197,0.85971797,0.051848106,0.00240497,0.0023827262,0.05222074,0.0008838375,0.0010379119,0.003728123,0.024620559
36,0.00018996876,0.0005783641,0.00205797,0.041234605,0.0007106691,0.95373565,0.00029786438,0.00011891241,0.00013603797,0.0006390817,0.00030083413
37,0.00033860997,0.0005447611,0.014569329,0.07230725,0.0014556054,0.90386105,0.0034924771,0.0003963104,0.0006077505,0.0012413225,0.0011855552
38,0.0008393895,0.003807453,0.006775132,0.7274,0.004685942,0.2535459,0.00022115884,0.00030853192,0.00039340806,0.0015279654,0.00049502053
39,0.0002684142,0.0008712936,0.045051597,0.007879584,0.00095917174,0.0009833559,0.008778026,0.00071626593,0.0031182903,0.0011556527,0.93021834
40,0.0006837492,0.0010689105,0.030242255,0.39866072,0.004716444,0.55293274,0.0039002579,0.0013574271,0.0006103195,0.0022109863,0.0036162015
41,0.0023809636,0.9911432,0.00024128787,0.0010337861,0.0008919282,0.00086586236,0.0002419552,0.0007786009,0.00022505177,0.0010651493,0.001132211
42,0.0028934937,0.0044007367,0.7139474,0.18120562,0.016930271,0.0042736046,0.0528393,0.0072543398,0.0031130775,0.001403515,0.011738585
43,0.0005349021,0.003098003,0.0076820133,0.78943706,0.003208337,0.19349548,0.00025564985,0.00014475166,0.00039906017,0.0011331858,0.00061151496
44,0.000886858,0.0020903077,0.11682868,0.7606425,0.016823698,0.092160024,0.002903096,0.001737524,0.0013129974,0.003663889,0.00095038273
45,0.00095506123,0.03173,0.03558295,0.0047038207,0.0010829183,0.0009306163,0.044282883,0.003501514,0.035964347,0.014481328,0.8267845
46,0.011454938,0.006912511,0.0038236983,0.014635019,0.20020063,0.7537442,0.0014801843,0.0014670412,0.0024828864,0.0027645987,0.0010343215
47,0.0005112153,0.0007746728,0.69706273,0.018836668,0.079079166,0.002991546,0.1905773,0.001057676,0.005020468,0.0014161544,0.0026724706
48,0.0005824962,0.0012910549,0.0100842025,0.7082981,0.0049474225,0.27259934,0.00034586858,0.00035463765,0.00030180442,0.0007962414,0.00039887507
49,0.00048399103,0.0010190335,0.6802026,0.12849067,0.026591469,0.008943273,0.11874747,0.0011783552,0.001909657,0.0009704266,0.031463083
50,0.0004985584,0.0011967046,0.26612192,0.003828662,0.0016709194,0.00054947176,0.7033588,0.0009976751,0.014652936,0.0009413298,0.006182964
51,0.00083213486,0.0010231402,0.11094966,0.0032320418,0.008174858,0.0009243112,0.70726186,0.1572513,0.0069629415,0.0008548704,0.0025328777
52,0.00062576623,0.0021869272,0.014808973,0.77536523,0.0092679085,0.19467929,0.00037327156,0.00042608893,0.00035319928,0.0015387998,0.00037453003
53,0.0051516863,0.0026695211,0.092133656,0.011269096,0.062322408,0.008575395,0.6035183,0.1926865,0.009624453,0.009937158,0.0021118172
54,0.0035688342,0.018281104,0.08404718,0.011966419,0.011837414,0.018397411,0.024902422,0.002623135,0.009203425,0.40088373,0.41428894
55,0.017079627,0.7639476,0.008456772,0.043260776,0.011747312,0.034376383,0.0032692808,0.008375036,0.0034569323,0.098207965,0.007822335
56,0.0006658588,0.0013314368,0.14061253,0.754098,0.02343906,0.07372601,0.0027969333,0.0007237031,0.00070835405,0.0009768059,0.0009212963
57,0.00042835381,0.0008527807,0.39645797,0.50491965,0.030000651,0.058149587,0.003934717,0.00080399786,0.0011013797,0.0017374527,0.0016135356
58,0.00091138884,0.0019538463,0.1572781,0.36386925,0.021890637,0.43890518,0.0072755367,0.0013416533,0.00091666647,0.0017948275,0.0038628958
59,0.00091973564,0.010306453,0.21044984,0.0270199,0.0027312867,0.00094101287,0.01545992,0.0018165298,0.041348696,0.013243148,0.6757635
60,0.0004304776,0.0012484743,0.003456117,0.15559103,0.00089777505,0.8359705,0.00031894128,0.00027066717,0.0002517802,0.0009271012,0.0006372086
61,0.0013138943,0.0021601957,0.39378625,0.01663788,0.38259766,0.0024043103,0.117356315,0.031463567,0.04548738,0.0022552893,0.0045372797
62,0.00039816834,0.001212467,0.008040236,0.45482808,0.001405368,0.53180116,0.0003153808,0.00021607635,0.00035838954,0.0009401936,0.00048452226
63,0.0006655628,0.0016044287,0.034707136,0.41799194,0.0041207103,0.53527176,0.0019108588,0.00031015076,0.0005824294,0.0017089539,0.0011261203
64,0.0005374018,0.0013801119,0.07401932,0.0033325586,0.0017929266,0.00060224056,0.1834732,0.007368108,0.052283663,0.0019420579,0.67326844
65,0.0004587547,0.00067962514,0.57457125,0.37677354,0.004532966,0.005772362,0.027243415,0.0011027155,0.0017031301,0.0011441902,0.00601812
66,0.0012287573,0.0033011572,0.14347883,0.0094341505,0.77219546,0.0041169478,0.032213777,0.004013021,0.027142603,0.0019316351,0.0009436123
67,0.009934019,0.0066028424,0.034738503,0.0031652483,0.1495997,0.005349178,0.47640282,0.16777514,0.12892237,0.01487921,0.0026309546
68,0.0009247858,0.01533349,0.0050619245,0.7564329,0.005274398,0.21422651,0.00020587747,0.00030361308,0.00034251664,0.001295815,0.00059820694
69,0.0012078333,0.0020674125,0.3493845,0.22036752,0.039827753,0.347331,0.028298046,0.0031563155,0.0012250376,0.0024805185,0.0046540806
70,0.000675741,0.0042746887,0.006207871,0.043459594,0.0011922615,0.92651355,0.0006832103,0.00053684093,0.000392751,0.013577414,0.002486057
71,0.0018446945,0.012965282,0.020637702,0.006396137,0.0023601663,0.0015935786,0.037938952,0.0046154745,0.010149175,0.004227522,0.89727134
72,0.00037826147,0.00059021835,0.3771271,0.056212865,0.0024927598,0.004759909,0.07394548,0.0013574872,0.005661503,0.0009675926,0.4765068
73,0.0007464723,0.0013759541,0.55717,0.16904461,0.015643831,0.1916785,0.0470599,0.001181932,0.0030314443,0.0024895933,0.010577796
74,0.015692824,0.30756623,0.3739078,0.051979374,0.0050835474,0.006596178,0.13253379,0.0048353984,0.015620826,0.05757407,0.028610002
75,0.0010889338,0.0031788766,0.036803655,0.53774256,0.004060946,0.40364248,0.001994255,0.0003598894,0.0012431607,0.0031365529,0.0067487075
76,0.538831,0.34564465,0.0017081468,0.0069917375,0.054726638,0.021818405,0.0013136877,0.0043007703,0.00307642,0.019942466,0.0016460803
77,0.0014193632,0.00335555,0.19293472,0.041082256,0.09146015,0.008625428,0.5357069,0.114556,0.004947881,0.0018991008,0.0040127025
78,0.0008221798,0.0014544895,0.04502344,0.85342234,0.006955179,0.08624547,0.0014200473,0.0009656971,0.0007137392,0.0024157776,0.0005616158
79,0.014777306,0.0036736045,0.0069892807,0.011100417,0.89022046,0.0656689,0.0028566478,0.0009183218,0.0019148716,0.0014546611,0.0004255628
80,0.0018697276,0.0030393165,0.1321546,0.0053236545,0.00991991,0.0020830114,0.3578069,0.004496013,0.4756678,0.0067477003,0.0008913629
81,0.0010970567,0.0026508626,0.5984506,0.31928068,0.031003773,0.018051552,0.007895077,0.0008517842,0.009887241,0.0053533735,0.0054780254
82,0.0026359337,0.07180016,0.0048791454,0.7723407,0.004334511,0.13644429,0.00022446594,0.00072691194,0.0004260114,0.005052888,0.0011349586
83,0.003392145,0.04765411,0.0069330647,0.8354584,0.0024762314,0.09218644,0.00028774873,0.0010732911,0.00060949737,0.00838907,0.0015400675
84,0.0013282467,0.01116577,0.119476534,0.06369644,0.0068403482,0.010506909,0.003307709,0.00089654763,0.0017086196,0.7670065,0.014066431
85,0.0071725473,0.5900083,0.038113836,0.022154024,0.022862652,0.009334047,0.15763395,0.014412778,0.026981216,0.042725526,0.06860119
86,0.18358982,0.075413294,0.0496733,0.37046695,0.2449263,0.022964677,0.0028238513,0.0075754165,0.0041845962,0.03651139,0.0018703791
87,0.0008394147,0.001855741,0.49875483,0.3945927,0.038336016,0.04675147,0.012883382,0.0014177111,0.0014603602,0.0014195516,0.0016888445
88,0.0032366724,0.0016796004,0.58928406,0.08918736,0.25441837,0.025670951,0.0240547,0.007960652,0.002716295,0.0013124123,0.00047882056
89,0.018850686,0.099601075,0.07039354,0.67399204,0.010827012,0.09797758,0.0016670976,0.002442828,0.0012805249,0.017370591,0.005596982
90,0.0005578848,0.00076329114,0.07506634,0.0035966788,0.0034329463,0.0004986732,0.86554813,0.025257152,0.0065861642,0.001979088,0.016713588
91,0.0721208,0.8897746,0.00083581835,0.009393359,0.0016444575,0.008716205,0.001045109,0.0019714534,0.00077735446,0.008049085,0.0056716623
92,0.0017667848,0.00806708,0.017136874,0.85298556,0.009104672,0.103012964,0.0005599912,0.0009256102,0.00046281292,0.0048822644,0.0010954153
93,0.0016846213,0.007174275,0.5988077,0.0860709,0.011530395,0.01067165,0.013983424,0.00086051243,0.0026114234,0.2380271,0.028577933
94,0.00024338679,0.0003392193,0.92409927,0.04135766,0.007281813,0.0025062948,0.013422015,0.0004651146,0.0013896289,0.0005026797,0.008392896
95,0.00033463954,0.00040639154,0.7938495,0.058824886,0.09837641,0.0045217895,0.034142368,0.0034577302,0.0027649968,0.00056672335,0.0027545923
96,0.0011077927,0.0031915423,0.46197432,0.061451662,0.043273933,0.022419771,0.33125204,0.0021662249,0.015938228,0.006240289,0.05098415
97,0.0006871361,0.0009799625,0.005800113,0.19656217,0.0019747927,0.7910112,0.0006520109,0.0003232541,0.0005759524,0.0008839245,0.00054950337
98,0.00056110555,0.001380439,0.10447489,0.79202884,0.008079666,0.08636321,0.0024041045,0.00035672667,0.001102612,0.0012052137,0.002043139
99,0.0018372176,0.0021395537,0.021081036,0.1335888,0.7629386,0.06675658,0.0013936113,0.0076456117,0.0011253741,0.00091954146,0.0005741058
100,0.000803013,0.0016945421,0.23526654,0.6367034,0.011798772,0.094809756,0.007558023,0.004992649,0.0022974347,0.0019901418,0.0020857162
101,0.0007663971,0.0012219507,0.11353924,0.78074515,0.02542522,0.072421,0.002522986,0.000679808,0.00052816235,0.0012816438,0.00086840783
102,0.00042835623,0.0011362525,0.007450224,0.42047423,0.0017831663,0.5662006,0.00042897422,0.00036990692,0.000276807,0.00072840904,0.00072299206
103,0.0010785367,0.0010055206,0.56030965,0.19868998,0.10644511,0.0034345402,0.10733937,0.004375358,0.0079939505,0.0014394404,0.0078885965
104,0.0038456148,0.021975242,0.08711275,0.33750874,0.028024623,0.1139112,0.01126605,0.004748578,0.016933851,0.36135185,0.013321482
105,0.00021284402,0.00017619536,0.85591906,0.007005711,0.002063148,0.00052266836,0.122712314,0.0009865772,0.0036035392,0.0002502535,0.00654767
106,0.00031572868,0.0005575261,0.5142433,0.020328438,0.002233406,0.0023798686,0.18276009,0.0017350143,0.0041716015,0.0010551406,0.27021986
107,0.0026157408,0.9605814,0.0010420302,0.0015118509,0.0014068001,0.0008832345,0.0006223729,0.0021049832,0.0009257641,0.017171176,0.01113471
108,0.00034375006,0.00024527143,0.68065774,0.0075896457,0.0029347397,0.0008533262,0.2957282,0.0024182592,0.005869558,0.0006246432,0.0027348371
109,0.00050727074,0.0021226793,0.01249115,0.78521407,0.008810677,0.18794742,0.0002921121,0.0004583622,0.0003593589,0.0012843895,0.00051247084
110,0.00055605575,0.0014398604,0.03464184,0.33517534,0.0020371582,0.6159512,0.0026921318,0.0011414463,0.0008020719,0.002195242,0.0033676408
111,0.0006116165,0.003461852,0.013024894,0.2821435,0.022088831,0.674374,0.0005252771,0.00033729358,0.00066914794,0.0013446724,0.001418841
112,0.001910825,0.01735783,0.010778795,0.002030547,0.0027358881,0.0012800575,0.014128439,0.0049712346,0.019202728,0.027622873,0.8979807
113,0.0004754907,0.0016461851,0.8382907,0.07064589,0.035165578,0.003971143,0.029516941,0.00045847698,0.0022944356,0.00051016035,0.017025009
114,0.00047462602,0.0006525962,0.9086849,0.019357514,0.019296262,0.0013208382,0.045252673,0.00047886232,0.002178758,0.0006303893,0.0016725904
115,0.0011347539,0.0024476284,0.20160703,0.6135143,0.14141084,0.007762222,0.012304226,0.0007239639,0.0031367622,0.0014724473,0.014485827
116,0.00193961,0.0044956747,0.07703877,0.0139270695,0.008624402,0.0038640401,0.27986726,0.005399392,0.02583148,0.01000005,0.5690123
117,0.00035613717,0.00070520927,0.051252417,0.0027172673,0.001516876,0.0005848409,0.4204104,0.0014209762,0.0090096835,0.0011748252,0.5108514
118,0.00045789676,0.0005462901,0.7206234,0.22430703,0.028068528,0.002678038,0.016922072,0.0023463494,0.001184847,0.00051293813,0.0023525576
119,0.0007233083,0.0007186992,0.55930394,0.024095865,0.027474571,0.0014674892,0.31501436,0.048340756,0.016751423,0.0021644556,0.003945085
120,0.00031022768,0.00057826366,0.3732866,0.010659259,0.00199581,0.0011420154,0.04457325,0.002321361,0.0055894894,0.0012390171,0.5583047
121,0.0021224036,0.8840538,0.0014189252,0.06165918,0.0016344577,0.043548107,0.0002731249,0.000892716,0.00040549278,0.0021914425,0.0018002826
122,0.002408261,0.003621423,0.08349451,0.060032755,0.7926637,0.017247638,0.018515047,0.0030904678,0.004613832,0.005028191,0.009284243
123,0.00032937858,0.00045435558,0.77491224,0.010121631,0.0033157184,0.000852686,0.114793144,0.0034167867,0.06055987,0.00039622854,0.030847903
124,0.00047867122,0.002245757,0.0031018502,0.30407417,0.0009879742,0.68683636,0.00024009663,0.00013659336,0.00022917699,0.001185112,0.00048420145
125,0.0007946715,0.001349626,0.3620582,0.4104348,0.018545823,0.19223934,0.008901468,0.0014094838,0.0009255487,0.0015196952,0.0018213285
126,0.00077040814,0.0016400559,0.23464017,0.54755986,0.018433288,0.18046385,0.009848113,0.001164026,0.001695872,0.0012179151,0.0025664547
127,0.00042707808,0.0003720943,0.37681502,0.0056118164,0.0012338036,0.0007357568,0.60238385,0.00067123724,0.0061321766,0.0006930288,0.0049241325
128,0.0017979856,0.0019070159,0.5256096,0.3825299,0.0070221014,0.009088097,0.0601748,0.0023103296,0.0021303585,0.0038397375,0.0035899926
129,0.00029185181,0.0013703915,0.005064107,0.042647332,0.0049157813,0.9434597,0.00055442104,0.0002161217,0.00014487337,0.0006417368,0.00069368567
130,0.00022180956,0.0011653912,0.018726926,0.004154793,0.0005925688,0.0004622404,0.004269415,0.000491073,0.0033238712,0.0006271942,0.9659647
131,0.003001655,0.0025716855,0.12799725,0.011415965,0.7825973,0.007701277,0.029199177,0.017554495,0.015655901,0.0013390561,0.0009662237
132,0.00061529886,0.0034887563,0.006941214,0.38156712,0.0019526941,0.6004914,0.0002317179,0.00058275316,0.00020426954,0.0034239008,0.00050085806
133,0.007631825,0.97804624,0.00036990337,0.001472911,0.008155977,0.0017732227,0.00027830893,0.0005834855,0.0003534265,0.0008566427,0.0004780207
134,0.0034088735,0.010035915,0.17739956,0.14185056,0.26846406,0.058517314,0.2565889,0.008119813,0.02882799,0.008516334,0.03827065
135,0.00030969363,0.0013390911,0.003332541,0.22997598,0.0012358513,0.76226455,0.00024716865,0.00015321918,0.0002377878,0.0005522806,0.00035183216
136,0.00039163866,0.0014394968,0.0065924237,0.4622271,0.002103064,0.52499986,0.0002817078,0.00028412428,0.00021971486,0.0009774643,0.0004833453
137,0.0023802666,0.014541532,0.019131754,0.54187393,0.02828896,0.38546556,0.0015935153,0.0012958136,0.0012095992,0.0028100167,0.0014090475
138,0.028770467,0.2456753,0.07621463,0.0723248,0.016221931,0.022182425,0.04124205,0.009231654,0.1868225,0.04662411,0.25469017
139,0.0002769907,0.0010701364,0.0010939352,0.04690472,0.000566119,0.94888175,0.00019178928,0.00013050865,0.00016694289,0.00039956332,0.00031755702
140,0.0014368452,0.0026478192,0.04601535,0.24518129,0.0025513517,0.6717756,0.0126529755,0.0014619991,0.0060656066,0.0051126755,0.0050984956
141,0.0020005004,0.012173481,0.084060274,0.75578976,0.086516,0.025947917,0.0063317195,0.0018535166,0.019549394,0.003303362,0.0024740833
142,0.0008213618,0.0020092444,0.0047750752,0.16527952,0.006781901,0.81655294,0.00081294344,0.0004693524,0.0005205123,0.0012113368,0.0007657737
143,0.0047138548,0.0032470352,0.036858536,0.13514155,0.17606542,0.13125522,0.0064472826,0.4797318,0.020312,0.004428963,0.0017983621
144,0.002786172,0.027785275,0.48821598,0.23912354,0.041176558,0.0074458057,0.018325374,0.0029844248,0.019625476,0.10286458,0.04966684
145,0.12035124,0.488774,0.1331605,0.06172856,0.02479996,0.011944065,0.061473154,0.01521354,0.016123647,0.06258764,0.0038436402
146,0.00059902517,0.021977434,0.018190365,0.0069693187,0.0034727275,0.00091120077,0.0043837717,0.003118619,0.007712369,0.028715823,0.9039494
147,0.013741517,0.7138049,0.047148027,0.04205859,0.08973676,0.005809172,0.018496094,0.0063995467,0.033824697,0.004643525,0.024337165
148,0.0012710869,0.0015760362,0.13831794,0.776117,0.008884301,0.027054861,0.024036536,0.0010265122,0.0020471166,0.0011851119,0.018483436
149,0.00018864751,0.00017636687,0.07757602,0.0017739035,0.001956815,0.0003132546,0.9120677,0.00060196675,0.003859207,0.00023214659,0.0012539158
150,0.00078015804,0.0010624719,0.11965108,0.013541697,0.606045,0.0030260037,0.22113104,0.0070830137,0.0106117595,0.00069428637,0.016373504
151,0.00041539883,0.00039178896,0.19816984,0.0023379005,0.0011455561,0.0005248778,0.78421575,0.0008609077,0.009700573,0.00067482534,0.0015626283
152,0.0013288571,0.016807366,0.017881509,0.036412638,0.9153646,0.0051034186,0.0018282374,0.0006304955,0.001258028,0.0016931199,0.0016915957
153,0.109910704,0.042147376,0.0069581727,0.020913996,0.79994833,0.008955529,0.0025345774,0.0017704691,0.0020707098,0.0037739587,0.0010161947
154,0.0006805223,0.0040958663,0.04379099,0.010680879,0.0014853735,0.0016446108,0.0038304753,0.0035481162,0.0023452989,0.8767215,0.051176406
155,0.01922628,0.8543846,0.012342232,0.05957658,0.0037173636,0.0069362386,0.001116938,0.00232717,0.0016207669,0.029592138,0.009159612
156,0.0003069171,0.00024124114,0.37312597,0.0045069875,0.016011113,0.0007831921,0.58769476,0.000976018,0.013621615,0.0005375116,0.0021946928
157,0.0002566381,0.00029859075,0.8796177,0.009715917,0.016825706,0.00076444494,0.08420729,0.00048692347,0.0045695417,0.00031163645,0.0029456164
158,0.0009147088,0.0021699958,0.17690714,0.025146574,0.3246799,0.0020338537,0.30095315,0.009480739,0.018963968,0.0007895284,0.13796045
159,0.023115434,0.9624109,0.0005212922,0.0009466788,0.0017250046,0.0012683556,0.0014738195,0.00088680984,0.00096527685,0.0051461845,0.0015402021
160,0.0058294274,0.98894835,0.0001688455,0.000568517,0.000847732,0.0006050212,0.00034724385,0.00074405986,0.00020788959,0.0011870328,0.00054584374
161,0.029346159,0.8773217,0.0020245076,0.043837328,0.011228247,0.013655357,0.00054040813,0.0018128557,0.001123848,0.018077457,0.0010320883
162,0.00017420146,0.00056424213,0.066023625,0.0054951133,0.0008477933,0.0009318946,0.0044737337,0.0009616591,0.0020794454,0.0014162922,0.91703206
163,0.0024803788,0.036265247,0.07017041,0.01420295,0.004551054,0.0058665415,0.072600886,0.00252108,0.016138379,0.017056733,0.7581464
164,0.0011846579,0.0037013697,0.008452409,0.4471198,0.005720289,0.52966505,0.00058595045,0.00028807553,0.0011629991,0.0013307447,0.0007886026
165,0.0005656712,0.0021263752,0.033422794,0.008106103,0.0010573888,0.0023276028,0.019621627,0.00592361,0.0070513017,0.0019019938,0.9178955
166,0.0017376377,0.0023473613,0.76506317,0.048858695,0.028337408,0.0014202942,0.13710043,0.00058437185,0.0026037185,0.00092857995,0.011018347
167,0.009420658,0.13889667,0.031394728,0.14078799,0.013961799,0.512107,0.003090116,0.0028489637,0.0027005565,0.14088392,0.0039076223
168,0.00025524147,0.00090066966,0.0016661,0.08263554,0.0005317971,0.912691,0.00024340786,0.0001236909,0.00022434264,0.0004250688,0.00030315516
169,0.00043832968,0.0007357997,0.77937746,0.16636153,0.008324965,0.0045747175,0.024757031,0.001120866,0.0046904786,0.0028458065,0.006772986
170,0.92505044,0.015059968,0.0008052921,0.0008061704,0.026466632,0.003459752,0.0028635066,0.019371912,0.0023517262,0.0027259255,0.0010386843
171,0.0005642633,0.0009458334,0.31688523,0.007847132,0.06041951,0.0010992588,0.5235561,0.0039921394,0.032032527,0.0007070328,0.05195098
172,0.0006054283,0.003405276,0.010202674,0.8487271,0.0017302778,0.13225648,0.00029624897,0.0003056018,0.00040662187,0.0015729694,0.00049124775
173,0.0006771464,0.0011117654,0.80460757,0.12514183,0.02884258,0.00494279,0.019530162,0.0018236784,0.005786939,0.004211912,0.003323578
174,0.00037113135,0.0009244521,0.0075248815,0.21744354,0.0015901525,0.7693342,0.00045263683,0.00023295842,0.00037321323,0.00093099615,0.0008218797
175,0.010684655,0.18585496,0.066477396,0.22741938,0.39102593,0.055531926,0.0021609098,0.0029303052,0.009812644,0.042796984,0.0053049135
176,0.0005468298,0.0010373779,0.6060797,0.331326,0.037262518,0.009696304,0.008144423,0.00069238775,0.0015091728,0.0008025716,0.002902616
177,0.002545625,0.003272978,0.02109566,0.5348363,0.14306274,0.28061646,0.0011115924,0.010682991,0.00079349364,0.0014935489,0.000488573
178,0.0008798738,0.0008364093,0.65479255,0.0141418455,0.004731195,0.002359029,0.30562094,0.001680196,0.005944497,0.0057717063,0.003241788
179,0.0004996009,0.0020288113,0.5023518,0.30296817,0.0041468767,0.015492819,0.01316954,0.0007666245,0.0013977744,0.003192899,0.1539851
180,0.00031502204,0.0007815386,0.6312872,0.029321764,0.009591883,0.00465829,0.2417088,0.00308911,0.0013298824,0.0024072316,0.07550918
181,0.0011203361,0.0024814226,0.5903211,0.32645288,0.018648503,0.005858601,0.03685274,0.00079205894,0.006297192,0.0020465103,0.009128623
182,0.00015601427,0.00082129135,0.0014267408,0.043704785,0.00032102523,0.95200765,0.00016906593,0.000118046184,0.00012107151,0.00055029785,0.00060392136
183,0.00029564495,0.0013756193,0.002603392,0.16597466,0.0004516688,0.82641333,0.00022650245,0.00021859832,0.0002784038,0.0010730529,0.0010890736
184,0.49669084,0.42506987,0.0007001983,0.035489254,0.004506569,0.029918695,0.0005018515,0.0016452087,0.00093202724,0.0035270485,0.0010184436
185,0.00090968824,0.0019182874,0.742134,0.2078604,0.01651172,0.0036895194,0.010983373,0.00071614305,0.0037874964,0.0029527298,0.008536665
186,0.0030138781,0.020606216,0.03248633,0.002973137,0.00842328,0.0015499147,0.058608927,0.00166749,0.036864102,0.78822964,0.045577135
187,0.00020134254,0.00032132503,0.21994078,0.0037575532,0.009723754,0.0007987175,0.7561856,0.0018355496,0.003235609,0.0003308158,0.0036689448
188,0.0006079603,0.0010273115,0.47076207,0.27878505,0.03191155,0.1749289,0.027412912,0.0068177534,0.0018988457,0.0014993321,0.0043482897
189,0.002128174,0.0056133345,0.05095796,0.099060275,0.3314001,0.48577023,0.010174954,0.003749686,0.0060013076,0.004168197,0.0009757355
190,0.000644983,0.0010521123,0.044963233,0.010964895,0.70268613,0.0062109185,0.22405782,0.0060262424,0.001681306,0.00055543036,0.0011569427
191,0.004036226,0.003762403,0.439848,0.058979046,0.093234435,0.027807241,0.16421925,0.0028548453,0.02574175,0.0046896823,0.17482714
192,0.0005945298,0.002927231,0.019665277,0.0500368,0.0021119106,0.82839537,0.0021319597,0.0012423926,0.0009591177,0.0041529564,0.08778239
193,0.0014055716,0.018771667,0.092366114,0.009566272,0.0071729026,0.0011973251,0.10819088,0.005313522,0.00958249,0.030363241,0.71607006
194,0.00031702116,0.00073107367,0.9344989,0.01654965,0.0012235759,0.0005888155,0.019117977,0.0006273956,0.0066434704,0.0013531367,0.018348958
195,0.0006131582,0.0011620256,0.02661939,0.5606191,0.010332234,0.39675254,0.0009447107,0.0009091029,0.00054604805,0.0009612048,0.0005404431
196,0.0005668613,0.0003661815,0.5217642,0.018710768,0.009044921,0.0032169155,0.42656812,0.0025611937,0.011949781,0.0021424047,0.0031086574
197,0.00054987695,0.0005445418,0.86556625,0.004506811,0.0025663362,0.00093630125,0.096686736,0.00039819008,0.016525252,0.0011234812,0.010596292
198,0.0004039554,0.0003262945,0.68463874,0.021058932,0.0061574173,0.002316482,0.26667586,0.00781522,0.0075327144,0.00066502765,0.0024093385
199,0.000524683,0.0010838265,0.0030782248,0.080065705,0.0011061335,0.91073287,0.00047794552,0.00018175234,0.00037545315,0.0018470368,0.00052644627
200,0.006547776,0.9203512,0.0009388643,0.033123374,0.0018705607,0.02729631,0.00029497925,0.0011090379,0.00035432336,0.006861293,0.0012522833
201,0.00022350077,0.00044370405,0.90776193,0.015939247,0.004043828,0.0020074206,0.04984,0.00022165307,0.0031947207,0.0007597772,0.015564178
202,0.0014577338,0.0016466755,0.50420344,0.08198994,0.020374859,0.02115238,0.25513884,0.011999721,0.038098432,0.004272717,0.059665285
203,0.00081155275,0.00066232815,0.6042231,0.04260979,0.0693426,0.003134013,0.19416721,0.079602264,0.0016371433,0.0020870212,0.0017230281
204,0.002930731,0.005012925,0.012427514,0.15089422,0.026022796,0.78835344,0.0013116898,0.0043945475,0.002031648,0.0045585516,0.0020619314
205,0.00036458427,0.0014562622,0.0020607705,0.102968946,0.00063847605,0.8905581,0.00022527369,0.0001491917,0.0002125175,0.0009431833,0.00042267548
206,0.0021222406,0.0060282247,0.013457166,0.6672038,0.005458294,0.2982453,0.00047869928,0.00045792045,0.0004790491,0.005224163,0.00084515905
207,0.0028796871,0.008424213,0.12568565,0.39868003,0.1600701,0.26317358,0.007310348,0.0010176396,0.011256846,0.009134007,0.0123679
208,0.0012992338,0.009320273,0.005294143,0.6259771,0.0020597172,0.35314673,0.00036953497,0.00036274336,0.0005014261,0.0011191374,0.0005500004
209,0.0005387041,0.0011266592,0.17582138,0.0075233565,0.01332168,0.0017467268,0.6918284,0.018809516,0.076545954,0.0012301229,0.0115074385
210,0.00072933635,0.0013134558,0.019286761,0.6076151,0.0047633173,0.36305004,0.00068587245,0.00029401324,0.0007281173,0.0009946382,0.00053933775
211,0.0028087008,0.014001531,0.20468518,0.007954057,0.03753016,0.009210759,0.68247455,0.0032837489,0.021688968,0.0062116156,0.010150654
212,0.00019828437,0.00020811832,0.7801135,0.0048420196,0.0028742212,0.00057783804,0.20296903,0.0004121174,0.005585227,0.0005414059,0.0016782541
213,0.0018414085,0.003402201,0.18361965,0.105346024,0.54844666,0.033069856,0.09709623,0.0062620975,0.0031365312,0.002844401,0.014934942
214,0.008788121,0.014752519,0.22239713,0.44261074,0.20708165,0.086280465,0.0036595478,0.0025426704,0.0048061763,0.005637063,0.0014439676
215,0.0002495299,0.0005728836,0.09982049,0.008010029,0.0015874987,0.0013590277,0.036159735,0.000939505,0.004396152,0.000877224,0.84602785
216,0.0014036322,0.005869123,0.19963358,0.17076328,0.036660083,0.5380097,0.012753149,0.0010991404,0.002375215,0.006552624,0.024880508
217,0.0051940153,0.06927528,0.028048426,0.16627344,0.012587927,0.6451181,0.0023839301,0.0024285042,0.0017956893,0.035369404,0.03152526
218,0.0003461343,0.0005291436,0.7809841,0.09277521,0.0046571596,0.010999107,0.06243207,0.00086460385,0.0013755753,0.0016348304,0.043401975
219,0.015595933,0.07091375,0.20756984,0.028760787,0.02242736,0.0054244893,0.40607548,0.18434845,0.013461185,0.015595319,0.029827395
220,0.94657373,0.033697046,0.00033206446,0.0027969263,0.004781912,0.0051470296,0.00052762585,0.001570222,0.0009947338,0.0027546794,0.0008239931
221,0.0019170424,0.9275554,0.002728932,0.009579602,0.0019899493,0.0037062285,0.00073123147,0.0016851038,0.00047514256,0.028437054,0.021194363
222,0.0003967295,0.0003024225,0.87252426,0.036661997,0.021344557,0.0010314297,0.06033746,0.0003837221,0.0032964,0.00051291625,0.0032079997
223,0.0015523429,0.0057870643,0.048995834,0.005791047,0.0018832653,0.003181566,0.0143114235,0.0015621891,0.0032613366,0.19834825,0.71532565
224,0.00039196218,0.0003982794,0.64622676,0.012171559,0.023428652,0.0010555837,0.25430658,0.052221827,0.0055404627,0.0011694034,0.0030889302
225,0.00042456132,0.0004903729,0.72263193,0.07276636,0.0054391227,0.0019620925,0.11649939,0.0016776578,0.0035334944,0.00081424013,0.07376077
226,0.017603818,0.13198979,0.018017823,0.01793057,0.0607736,0.057554185,0.0028245072,0.0052893353,0.0021843044,0.67872894,0.007103239
227,0.0021533188,0.0011683314,0.013145195,0.003110037,0.07945436,0.001663458,0.009363299,0.8866986,0.001392597,0.0013974038,0.00045336696
228,0.007791034,0.008528512,0.08579572,0.021015715,0.5624354,0.009847859,0.16537027,0.047992438,0.082136154,0.006165411,0.0029214874
229,0.1836788,0.2604858,0.012393284,0.0067771203,0.46564928,0.009453022,0.01691452,0.013618578,0.009915838,0.019647526,0.0014662396
230,0.002728876,0.008373201,0.08011596,0.022192955,0.0065963925,0.0075937957,0.09010865,0.5263218,0.06680605,0.009357935,0.17980435
231,0.08446999,0.78905165,0.0025612707,0.0030285164,0.003303313,0.005042436,0.004462581,0.0024671713,0.0035579514,0.09758332,0.0044718245
232,0.007096621,0.88011086,0.03326375,0.012393838,0.03336932,0.005154495,0.009132748,0.0006964026,0.0015297609,0.0032013592,0.014050899
233,0.001185245,0.0024626523,0.32458687,0.29885286,0.118024305,0.18016858,0.034451373,0.0016675392,0.0022014962,0.0013442312,0.03505487
234,0.0024104845,0.0064032055,0.25671938,0.029625123,0.08389544,0.002530471,0.05300405,0.0010894181,0.17672136,0.1431914,0.24440965
235,0.0002770281,0.0023648222,0.020108668,0.0012485711,0.00057024247,0.0005489102,0.008475087,0.0014614731,0.0008951096,0.009670956,0.9543792
236,0.0011286164,0.0045271167,0.031428535,0.55548394,0.0038367875,0.3928581,0.0012551253,0.0006556652,0.0012818588,0.0035540066,0.003990258
237,0.0005452483,0.0018008081,0.0031795115,0.25201303,0.0012373971,0.73936903,0.0002854486,0.00016048194,0.00030046253,0.0007426295,0.00036594714
238,0.00038610166,0.00031601003,0.4855918,0.009709689,0.012114641,0.0022107058,0.480686,0.0009388843,0.0040899925,0.0009713959,0.0029847503
239,0.0005379987,0.0006499572,0.7371524,0.115326665,0.01524065,0.0031411997,0.048872203,0.0011637651,0.016968582,0.0013295718,0.059617024
240,0.00031258495,0.00037253197,0.8148614,0.08564949,0.0042829975,0.0015827346,0.07364921,0.0033537578,0.0010803521,0.0006421773,0.014212765
241,0.0008935522,0.0019877797,0.24176872,0.19389316,0.5152775,0.026040912,0.004164978,0.0047376277,0.0028699622,0.0070351064,0.0013307026
242,0.0027607668,0.008876576,0.07737034,0.40004262,0.450095,0.042473942,0.007371159,0.002186365,0.0012430536,0.004128694,0.0034514535
243,0.00044678067,0.0008403631,0.7290615,0.2175897,0.013640809,0.006122197,0.017907346,0.0009293028,0.0023948061,0.0005205769,0.01054661
244,0.00039587566,0.0014259486,0.012941023,0.71035814,0.0038983286,0.2678915,0.0004007647,0.0006791247,0.00032930105,0.0011506332,0.0005293564
245,0.0098160105,0.7417781,0.016237361,0.0464123,0.15608856,0.007883633,0.0031127553,0.0013361282,0.007866942,0.0031594124,0.0063087507
246,0.00080438534,0.0015905837,0.1922679,0.5376395,0.010893187,0.24339125,0.0056315986,0.0006910677,0.002213023,0.0037045213,0.0011729449
247,0.0008462338,0.0028409,0.08147959,0.62275743,0.005553606,0.28059793,0.0009173675,0.00035300988,0.0006254401,0.0019173024,0.0021112883
248,0.0072279545,0.011263503,0.18282826,0.045413695,0.30156863,0.2657442,0.13768272,0.0146329235,0.007121013,0.01749092,0.009026201
249,0.0007455709,0.0009751915,0.008975122,0.004118225,0.066563144,0.0028432414,0.0035218403,0.9107431,0.000784333,0.00039971067,0.00033047196
250,0.0025024093,0.06575779,0.018188084,0.07055311,0.0121203475,0.75463504,0.0027787706,0.0010547808,0.0015635828,0.016066771,0.05477935
251,0.00073243247,0.00081052305,0.113362506,0.003977901,0.0014150697,0.0008569546,0.39185506,0.0037697547,0.093623444,0.0020464293,0.38754988
252,0.0021580036,0.0038004671,0.24277046,0.028646436,0.5124697,0.0058350796,0.15471599,0.013744071,0.032151785,0.001737426,0.0019705761
253,0.21253371,0.60170424,0.002100154,0.065788016,0.010024684,0.0928428,0.0016181339,0.0038378309,0.001262385,0.007206595,0.0010815001
254,0.00011803212,0.00016422986,0.95549375,0.015136242,0.002006921,0.00082635425,0.010459332,0.0009825752,0.00076966826,0.00035466175,0.013688201
255,0.010370296,0.03577463,0.008852126,0.014064508,0.383465,0.5104803,0.006275651,0.0013579971,0.016925372,0.010828761,0.0016053433
256,0.0002696807,0.0002581082,0.15520673,0.003807744,0.0021972782,0.0006779929,0.81993914,0.0015355881,0.009261372,0.00066358194,0.006182833
257,0.0007549705,0.0012622008,0.044377606,0.22390899,0.00802609,0.7120163,0.0039206157,0.0010119793,0.00065167696,0.0017754423,0.0022941423
258,0.0010042809,0.0035173662,0.006383557,0.87809813,0.0044789617,0.103399515,0.0001871141,0.00036373158,0.0005076963,0.0016882584,0.00037134107
259,0.014837625,0.07651369,0.015386621,0.1511667,0.08772197,0.6207088,0.0031689373,0.004660431,0.0015421858,0.015589798,0.008703144
260,0.0013012051,0.0018205198,0.584756,0.0377925,0.011806229,0.003643693,0.31552097,0.0013073904,0.0063949437,0.017094601,0.018561997
261,0.0037267455,0.0066292784,0.011929652,0.044898268,0.5659007,0.35609636,0.0027112835,0.0028413122,0.0009763492,0.0027274902,0.0015625844
262,0.9878756,0.003399048,0.00015174564,0.00039362273,0.0036124233,0.00089192315,0.00047739357,0.0012866661,0.0005022821,0.0011398284,0.00026945845
263,0.0002941001,0.0008848997,0.0043801856,0.2473586,0.0011755263,0.7439914,0.00028693548,0.00020071915,0.00027794892,0.00076859706,0.00038110168
264,0.00040467962,0.00030490707,0.51642066,0.023753645,0.002814699,0.0017235031,0.44059056,0.0016011801,0.006801784,0.00043282323,0.005151542
265,0.002095128,0.0022755968,0.5479259,0.19062293,0.06590112,0.008717294,0.13938984,0.035976868,0.0030156367,0.0018821377,0.0021975162
266,0.00038399766,0.0009362325,0.0382018,0.0020564746,0.0023123235,0.00062443607,0.21948686,0.0032144724,0.005781334,0.0010617076,0.72594035
267,0.0006689108,0.0014016447,0.037535585,0.3906358,0.025882846,0.539594,0.0009194079,0.0009822885,0.00059999333,0.00096254656,0.0008169908
268,0.00026705398,0.00045658633,0.9000503,0.030321062,0.003576471,0.002669495,0.022507504,0.00039799945,0.0021099062,0.00051237893,0.03713128
269,0.00028723208,0.0008029725,0.8703623,0.040063534,0.016624205,0.0022830067,0.029884752,0.00036167994,0.011229691,0.00047881488,0.027621826
270,0.05526908,0.004056289,0.0068047456,0.0042278017,0.8467902,0.016896345,0.017227208,0.038547017,0.0071416297,0.0023887423,0.0006509294
271,0.0022820164,0.01742589,0.03994746,0.7742551,0.034352344,0.10960976,0.00085672626,0.0012226983,0.0018005644,0.015692543,0.0025549368
272,0.00018058208,0.0004012854,0.0015413439,0.027670303,0.00068299746,0.968588,0.00021208278,0.000105487976,9.338209e-05,0.00034719807,0.00017737313
273,0.0015151461,0.0016335028,0.07134943,0.022939537,0.5920063,0.0060957447,0.040667646,0.25713548,0.003218859,0.0016940702,0.001744258
274,0.00051046524,0.00084164774,0.010815836,0.2022131,0.0027353032,0.78037536,0.0006130937,0.0003220193,0.0002950866,0.0007636196,0.0005144765
275,0.014015382,0.011351474,0.017259225,0.03441583,0.84642714,0.020508796,0.007783021,0.040451493,0.0024853891,0.0047060642,0.0005961916
276,0.0013134991,0.0028155537,0.17022298,0.5924436,0.1807635,0.044798408,0.0027481713,0.0012703824,0.00055330584,0.0016630891,0.00140757
277,0.0015310239,0.010112718,0.01092796,0.7119611,0.005598837,0.25549,0.00033040752,0.00032753282,0.0005637551,0.0025058214,0.00065087096
278,0.0007237614,0.001365458,0.470299,0.029428948,0.012922374,0.0017206505,0.46578068,0.0022310019,0.0109463325,0.0010595609,0.0035222168
279,0.0011164525,0.0038658977,0.061385226,0.5676145,0.0044613434,0.32645375,0.003029853,0.0010248679,0.0017174429,0.0036473155,0.025683388
280,0.0012752849,0.009047736,0.070279025,0.07837413,0.0021226364,0.10872151,0.005259039,0.0013560444,0.0022378163,0.684845,0.036481816
281,0.0005252828,0.00085869123,0.015268165,0.75638354,0.001738395,0.2228204,0.00047751516,0.00020913263,0.00048277684,0.0007828525,0.00045328616
282,0.6055767,0.037542753,0.0019761152,0.0046099713,0.30965957,0.023014786,0.0029198967,0.002647255,0.005397959,0.005879919,0.0007750111
283,0.00042200502,0.00034026089,0.46807346,0.0048325644,0.0023246342,0.0008897289,0.5133882,0.0021078368,0.005534697,0.0005466638,0.0015399449
284,0.00073209964,0.0031534252,0.025661722,0.8327408,0.011838118,0.12219782,0.00042332633,0.00044394992,0.00035948583,0.0016755875,0.0007737088
285,0.0010172124,0.001977108,0.23006597,0.6712092,0.03104667,0.04949047,0.004774345,0.0031627961,0.0015487276,0.0031003812,0.0026071216
286,0.0040749162,0.153559,0.1497306,0.29912916,0.027030265,0.04147656,0.005777153,0.0052453736,0.0037193652,0.2781587,0.03209889
287,0.0014020072,0.0012985392,0.19324073,0.0061500827,0.03718152,0.0012696374,0.44781414,0.3013537,0.0062922994,0.0013032195,0.002694151
288,0.0007240642,0.002086848,0.07631032,0.7640079,0.0060027195,0.14263138,0.003886874,0.0003937552,0.0015156018,0.0013869449,0.0010535155
289,0.0023285316,0.9917002,0.00018284403,0.00063235953,0.00050833693,0.00065735297,0.00027460983,0.000642877,0.00020058043,0.0016191844,0.0012531935
290,0.00040427386,0.001095439,0.0040369797,0.18091474,0.0010029727,0.8107589,0.00035896857,0.0001706825,0.00024632688,0.0006521916,0.00035854266
291,0.0025424382,0.09822462,0.34415776,0.13234091,0.0043059075,0.0022802395,0.015540059,0.0016087884,0.012681523,0.01247853,0.3738392
292,0.00031582254,0.00026307654,0.554253,0.011105319,0.007833241,0.001645574,0.40902385,0.0009321847,0.003384855,0.00049935764,0.010743748
293,0.0015975928,0.022048663,0.004469927,0.7905657,0.0032714189,0.17531446,0.00021993714,0.00031055984,0.0005082644,0.0011814488,0.0005119667
294,0.025006106,0.34647948,0.032786727,0.024642572,0.018706517,0.018537333,0.018720856,0.026879862,0.009425474,0.3775536,0.101261474
295,0.0002587832,0.0006746685,0.0013698831,0.016977632,0.00041500945,0.97884816,0.00027540023,0.00010252665,0.00015468363,0.0005199445,0.00040333127
296,0.19737646,0.7871425,0.00036527155,0.0007316566,0.004211994,0.00156454,0.0012532385,0.0022387994,0.0006226726,0.0036702342,0.0008226172
297,0.0003468236,0.00030155023,0.45983824,0.0042357724,0.0021251137,0.001092159,0.51999736,0.0006463103,0.008343197,0.00084422587,0.0022292433
298,0.0006577048,0.0011490233,0.19768918,0.6558034,0.025007123,0.11140162,0.0027159157,0.00062271225,0.0012790139,0.002276257,0.0013980789
299,0.007861158,0.062504545,0.11466597,0.13013628,0.030640513,0.12244232,0.055494286,0.00352625,0.044069298,0.10005305,0.3286063
300,0.0064486796,0.2152733,0.23165241,0.016085723,0.0025486252,0.0026791682,0.1685155,0.0040070675,0.020610346,0.1391481,0.19303103
301,0.00028354893,0.0008815786,0.013035385,0.0015420988,0.00036807513,0.0005828176,0.009996854,0.0012000154,0.0033067435,0.0007426396,0.9680603
302,0.0015863752,0.0036121823,0.1880451,0.015009333,0.036995344,0.0035196464,0.5828918,0.00578348,0.052907307,0.0013138521,0.10833558
303,0.0004366637,0.002652641,0.19688788,0.17135306,0.004899448,0.019126799,0.005934542,0.00092243234,0.0022719824,0.0014479158,0.5940667
304,0.0010416575,0.0058990777,0.028289136,0.68288916,0.007539065,0.25641483,0.0015645843,0.0010642704,0.0015211448,0.011139894,0.002637151
305,0.017914709,0.037699785,0.02939187,0.12222038,0.017116452,0.7016927,0.013630539,0.00307948,0.0030763303,0.016949432,0.0372283
306,0.0007421201,0.0013140548,0.34338802,0.01609334,0.2797256,0.001746038,0.3057239,0.027380412,0.016787253,0.0034572142,0.0036420529
307,0.0011065367,0.0013879844,0.21445802,0.07253888,0.3096535,0.004351528,0.069616675,0.3141535,0.005528147,0.0012736333,0.0059316577
308,0.001391472,0.008824384,0.05818386,0.40574712,0.0042429627,0.20599039,0.0018415054,0.00087490305,0.001323629,0.30544764,0.0061321645
309,0.000730546,0.0043986924,0.013447674,0.72878945,0.0017682944,0.24522015,0.00031069975,0.00033203058,0.00045723392,0.0025756299,0.0019696292
310,0.0010311755,0.00180651,0.55933326,0.37687093,0.02944627,0.012829813,0.007299493,0.0012185907,0.0014414557,0.0016472128,0.007075193
311,0.005403218,0.95078087,0.0018679171,0.0015526973,0.020173166,0.0021166317,0.0023493418,0.0010148212,0.0029762613,0.010824302,0.0009408101
312,0.003317906,0.012377791,0.10325326,0.38140282,0.032534074,0.15226088,0.028324634,0.005253534,0.012169936,0.0074736597,0.26163146
313,0.00082484755,0.001207501,0.103321515,0.7382674,0.009767993,0.14220586,0.0017205633,0.00042124913,0.0009110579,0.0008722291,0.0004797956
314,0.0008594543,0.00092190795,0.52206707,0.4065954,0.012831463,0.012696224,0.03832267,0.0014756968,0.0019350892,0.0010968039,0.0011981701
315,0.007853707,0.03515906,0.1071008,0.2609872,0.053500615,0.3645895,0.044540964,0.016474089,0.0121622,0.012163398,0.085468486
316,0.0026781552,0.6873132,0.0036751933,0.0075710313,0.0026295695,0.004900039,0.0008938604,0.0030702753,0.0008731013,0.27801508,0.00838043
317,0.00025656872,0.0003736214,0.8211279,0.042006113,0.0065582157,0.0034860924,0.060222596,0.00053028454,0.0022405824,0.0007695602,0.062428594
318,0.00043763913,0.001790174,0.020470265,0.81292427,0.00299145,0.15904535,0.00035771824,0.00020525379,0.00042674565,0.0008297443,0.00052141433
319,0.0015343878,0.005473121,0.5729135,0.24235232,0.13605675,0.018692298,0.010975664,0.0030570885,0.002617453,0.0014592081,0.0048681004
320,0.0003190687,0.00026867556,0.2224094,0.0037967183,0.009677685,0.00058959157,0.74802625,0.0059747025,0.006527471,0.000520819,0.0018896197
321,0.0007913677,0.0010079535,0.13207093,0.0128432885,0.05585715,0.0027202566,0.72754437,0.062128104,0.0017178317,0.0013306916,0.0019881115
322,0.019660551,0.967857,0.00024383332,0.0008770378,0.0017681153,0.0013848267,0.0005118807,0.002254103,0.00066891743,0.0037097856,0.0010639603
323,0.00061018625,0.0010270188,0.6490153,0.017872505,0.008066535,0.0016181751,0.3049112,0.0013427555,0.005985695,0.002788895,0.0067616934
324,0.00035073745,0.00041566844,0.39256126,0.011707695,0.005561144,0.0004768074,0.5802088,0.0027486808,0.0021840597,0.00035643036,0.0034286655
325,0.00026413155,0.00019691407,0.7504255,0.0075916275,0.002534256,0.0006124272,0.22857419,0.0004954563,0.006980744,0.00035635225,0.0019683891
326,0.021753896,0.00613789,0.07993517,0.030955825,0.13104053,0.020125244,0.27256054,0.11019932,0.31040114,0.0066411747,0.010249232
327,0.014649813,0.101552844,0.23513928,0.015114722,0.040952362,0.0045855106,0.48312968,0.0069092945,0.070276596,0.022959843,0.004730058
328,0.0015931517,0.0051436345,0.285819,0.43171716,0.09154967,0.02273186,0.010620069,0.0034815248,0.013843018,0.084451176,0.049049716
329,0.000773526,0.0011925042,0.25644445,0.611316,0.011915363,0.11073381,0.0029842684,0.00051282777,0.0013396482,0.0015232771,0.0012643243
330,0.0010422592,0.0064882664,0.042666785,0.0025601382,0.001517285,0.0020946083,0.06957597,0.009530102,0.015176425,0.020160608,0.8291876
331,0.0019100329,0.0019425486,0.49753326,0.35825056,0.050085716,0.016518727,0.052862145,0.009536778,0.0053697606,0.0033634282,0.002627051
332,0.00040350942,0.00084800925,0.013304643,0.1713783,0.0011398493,0.80939186,0.0011020887,0.00038165023,0.00046390732,0.0007603526,0.0008258255
333,0.00027919997,0.00028989883,0.9153927,0.035455104,0.0031740863,0.002085918,0.02718919,0.0006931154,0.002501666,0.0014616058,0.011477518
334,0.00070632633,0.0029302002,0.009171935,0.9090764,0.005585936,0.0691402,0.00019729175,0.00063300354,0.00035458355,0.0018214723,0.00038262506
335,0.00034554736,0.00060481584,0.4489127,0.00594881,0.0053702914,0.00058120495,0.48606214,0.0009920414,0.008234086,0.00046578253,0.04248262
336,0.0006438127,0.001176304,0.5709833,0.33612618,0.0089922445,0.07094838,0.0045351987,0.00043457226,0.0015168367,0.00119699,0.0034462765
337,0.00035790115,0.00048118999,0.7017129,0.013165805,0.0058327112,0.0019194629,0.26223788,0.0020595994,0.0052558826,0.0032869116,0.003689746
338,0.000495889,0.0013395608,0.059484966,0.6985749,0.006896992,0.22771215,0.0011301675,0.0010232691,0.001145744,0.0012457501,0.00095060235
339,0.00093749387,0.0026817047,0.2651618,0.0055763954,0.0037431053,0.0005762925,0.32942143,0.0035575456,0.053658057,0.016266067,0.31842014
340,0.002895118,0.001671828,0.32700515,0.0243879,0.10176222,0.006240572,0.29125285,0.12792757,0.101527035,0.011477867,0.0038518861
341,0.0004327302,0.0012873526,0.01601436,0.8810031,0.0049615586,0.09373227,0.00029914992,0.00040601654,0.00049453945,0.0008640809,0.00050477125
342,0.0007160908,0.0014369274,0.0035254627,0.111280285,0.002360349,0.8776811,0.00042177396,0.000292135,0.00044269147,0.0014562816,0.00038700787
343,0.0027440065,0.021328643,0.08834332,0.5986166,0.031608187,0.18613705,0.010373048,0.010197962,0.041444033,0.0057516703,0.0034554482
344,0.00090445223,0.0022411307,0.8487147,0.045388114,0.02852093,0.008069466,0.056031585,0.0005086484,0.004704857,0.0019898952,0.0029261594
345,0.0011577939,0.0032540355,0.7426601,0.026400989,0.0948896,0.0032635934,0.08004113,0.00066987175,0.01737598,0.0011452612,0.02914161
346,0.06572543,0.583587,0.045078915,0.18997687,0.015359657,0.05337,0.0035191097,0.0019599095,0.0046841996,0.032688018,0.004050887
347,0.014132437,0.97344095,0.00033885372,0.0005090692,0.0061036213,0.0009812904,0.0010279616,0.0011663715,0.00086395175,0.0009265199,0.00050901814
348,0.0005729793,0.00068519317,0.85923386,0.043145098,0.02932496,0.00973258,0.04613661,0.00034912644,0.0050177528,0.0009986046,0.0048032044
349,0.0011369474,0.0015486247,0.32281736,0.5753153,0.025573384,0.016890202,0.047540493,0.00186842,0.0023510926,0.0023184929,0.0026396946
350,0.00073995406,0.0007449582,0.6641949,0.21595044,0.01569607,0.027820611,0.04992666,0.014545342,0.0020873353,0.0023972283,0.0058965473
351,0.00038352836,0.0020242736,0.001357289,0.05942906,0.0006561628,0.9345333,0.00023440132,0.00010890075,0.0002198801,0.0006890434,0.00036412888
352,0.0009236198,0.0038091787,0.017881822,0.5009026,0.0023402865,0.46851873,0.0005530267,0.00031204286,0.00036600747,0.0029157805,0.0014768208
353,0.0028692558,0.047196634,0.026147118,0.7782507,0.023605252,0.10705538,0.0008299366,0.00076754857,0.0011916065,0.01019146,0.0018950893
354,0.018674877,0.9380207,0.0015627447,0.0009110694,0.023033101,0.0013155999,0.0050630197,0.0010531426,0.0036522537,0.005539004,0.0011743769
355,0.00018860615,0.00042069875,0.0047098156,0.06746482,0.00093861046,0.92442274,0.00058139494,0.00015476505,0.00025302466,0.0004392623,0.00042628046
356,0.00015813894,0.0002182689,0.8739189,0.012686716,0.0036574074,0.00071944494,0.09512632,0.00060002296,0.0016306911,0.001110316,0.010173732
357,0.019764956,0.016306981,0.22857265,0.05473425,0.101712845,0.038364552,0.35856777,0.009420373,0.13590047,0.03251057,0.0041445894
358,0.082157515,0.31477347,0.01674335,0.006536763,0.005974258,0.0029957655,0.028035263,0.009584824,0.0052186456,0.40812168,0.1198585
359,0.0002011635,0.0002661467,0.055491455,0.001472322,0.007484997,0.000298935,0.92588633,0.002126289,0.0031653189,0.00049551704,0.003111509
360,0.00037715188,0.00051704125,0.51317775,0.010943102,0.011326998,0.0013408922,0.39443856,0.00064505957,0.0091438275,0.0009772924,0.05711236
361,0.00876166,0.009241633,0.18633069,0.16489437,0.18911669,0.032378368,0.2838413,0.08559364,0.016498819,0.006950536,0.016392268
362,0.0024085764,0.0107104285,0.23100789,0.20051412,0.022754062,0.019399686,0.039183073,0.35009724,0.0915327,0.0133923795,0.018999893
363,0.0007966035,0.0031503346,0.012993112,0.78629875,0.00619113,0.18675724,0.000445882,0.0004330573,0.0006539663,0.0014668799,0.0008130263
364,0.00039145298,0.00037996835,0.10208788,0.004226602,0.016232938,0.0009658503,0.867071,0.0021171055,0.0048549906,0.00060333026,0.0010689339
365,0.0004932735,0.00056665327,0.6814644,0.00531341,0.001070434,0.0006808486,0.17242423,0.00059322955,0.09338675,0.0022488507,0.041757878
366,0.0007496743,0.00089593994,0.54470617,0.051591694,0.05064813,0.002448752,0.2956368,0.0056252494,0.043866992,0.001359375,0.0024712146
367,0.0022094229,0.001926808,0.6745727,0.116952635,0.119781256,0.020887755,0.035570033,0.0037524183,0.0058973194,0.008265914,0.010183712
368,0.0044121114,0.020750504,0.68638027,0.08804066,0.0075809397,0.002551218,0.049986724,0.011584193,0.014008281,0.052682124,0.062022965
369,0.00034721827,0.00022016407,0.6042856,0.005347884,0.0008070719,0.0009129286,0.34593317,0.0010667872,0.027453769,0.0010851435,0.012540279
370,0.0024152528,0.0038989014,0.11907258,0.17742737,0.054366857,0.59264666,0.039071716,0.002860526,0.0012236489,0.0031361445,0.0038803294
371,0.00029505749,0.000285419,0.8804779,0.054919414,0.004168685,0.0012723567,0.052574653,0.0007635896,0.002877958,0.00048063914,0.0018842716
372,0.0003585397,0.00047822826,0.09404478,0.0012506896,0.00064430636,0.00034444238,0.8908283,0.00091338326,0.0049809283,0.000519246,0.0056370357
373,0.00034079223,0.0002642474,0.05150326,0.001106113,0.001859311,0.00045919768,0.9370451,0.002127157,0.004052257,0.0002704308,0.00097214885
374,0.00051906693,0.0006040666,0.7757888,0.15764794,0.0139771905,0.010045487,0.035593253,0.0006604321,0.0024284462,0.0006708823,0.0020644327
375,0.00043601746,0.0013312448,0.005667988,0.18704876,0.001957309,0.8009461,0.00038149545,0.0002158456,0.00033700545,0.00074420613,0.0009339315
376,0.0010962018,0.0060124015,0.04732118,0.063708425,0.0030868787,0.015190154,0.007937888,0.0010944349,0.008008923,0.003601263,0.84294224
377,0.00075806247,0.0027823804,0.022226563,0.00290388,0.0007839923,0.0013900253,0.016122429,0.0030884189,0.0035164405,0.023079652,0.92334807
378,0.005950661,0.020945495,0.023211997,0.69077206,0.0799019,0.1643885,0.0014690164,0.0058473125,0.0021123267,0.0045874575,0.0008132981
379,0.0012328986,0.003418129,0.05856379,0.83349884,0.018656265,0.07615842,0.0017585352,0.0005239551,0.0011066768,0.0027043775,0.002378065
380,0.0010562118,0.0018066053,0.2602858,0.02054872,0.33404717,0.0056943703,0.31779495,0.0029243578,0.019522278,0.001457603,0.034861915
381,0.00041659968,0.0006800966,0.23215051,0.003059285,0.003445536,0.00067154353,0.18385336,0.008000141,0.006684107,0.00065724447,0.56038153
382,0.0042475634,0.8797897,0.0024323978,0.057784826,0.0021132184,0.036724735,0.0004711166,0.0009081018,0.00044052396,0.011111083,0.0039767777
383,0.0003906757,0.00058840506,0.6479025,0.02675547,0.027342875,0.004584782,0.25620705,0.0011555087,0.0115901735,0.003947503,0.019535106
384,0.0016473992,0.0027691114,0.48136273,0.35039118,0.08303239,0.05615619,0.005971253,0.00094059145,0.0021660228,0.012136558,0.003426556
385,0.0026928468,0.016863419,0.02956215,0.49964157,0.0151221575,0.09788329,0.0011475742,0.0012030902,0.0012441726,0.3291911,0.0054486482
386,0.001364702,0.007910111,0.4096654,0.48340577,0.007917994,0.053846937,0.009195773,0.001894119,0.002305553,0.0034324662,0.019061238
387,0.0022250512,0.008395403,0.094675854,0.7298737,0.034663282,0.10060306,0.0013079143,0.0027260983,0.0010055138,0.022713356,0.0018107386
388,0.0002723275,0.0003408548,0.83154744,0.019661093,0.048088524,0.0010637754,0.091752075,0.0012615987,0.0032283738,0.00074951747,0.0020343435
389,0.00023326257,0.00054451975,0.0025263543,0.083692834,0.0004700835,0.9107339,0.00022365751,0.00025615658,0.00017724314,0.0007837776,0.00035830252
390,0.0035734586,0.030734008,0.6517178,0.10795524,0.0043469984,0.0017837381,0.097274624,0.0030179198,0.01411798,0.033743456,0.051734738
391,0.034142643,0.6995206,0.0017659711,0.110036686,0.0053258534,0.13959868,0.0005410106,0.0013307749,0.00070038304,0.005692274,0.0013451015
392,0.00091565977,0.00130899,0.031686064,0.468023,0.019923251,0.47145,0.00102367,0.0031574897,0.00059042143,0.0013076791,0.0006137833
393,0.0007795112,0.0023307048,0.0378721,0.819989,0.004187205,0.12684233,0.0004220177,0.00037929823,0.0006594568,0.0051142583,0.0014239904
394,0.0011908024,0.0018247801,0.3332644,0.024500674,0.11799465,0.0038667924,0.20781226,0.2936043,0.0106275175,0.0012511663,0.004062641
395,0.0002170847,0.0012419837,0.019554567,0.00680236,0.0009969079,0.00048780977,0.0042470787,0.00077231164,0.0030864037,0.0006022662,0.9619913
396,0.002882713,0.00830791,0.31955582,0.37115273,0.19733378,0.009035434,0.034194697,0.0017098046,0.027441526,0.0036346638,0.0247509
397,0.0007732576,0.004927253,0.002478481,0.08572356,0.0008336486,0.9022536,0.00037995388,0.00024514453,0.0003417652,0.0014892,0.00055409607
398,0.0009848557,0.009659863,0.025614738,0.0028629494,0.014107178,0.0014128174,0.0099491235,0.0015544004,0.0065957643,0.889003,0.03825528
399,0.00060356234,0.00054316106,0.6089519,0.0071785464,0.0021276537,0.00071140163,0.20747241,0.0009799266,0.04989034,0.00060489366,0.12093617
400,0.0005923031,0.0013713454,0.83944905,0.11094298,0.010747355,0.004238329,0.023002908,0.0017527558,0.0010091111,0.0030792872,0.0038145601
401,0.00048169214,0.0009056567,0.017250214,0.093751624,0.002483444,0.871412,0.0047635036,0.00069445686,0.0015621529,0.0028574702,0.0038377694
402,0.00029280977,0.00034006656,0.47223186,0.009929882,0.0079429615,0.00070391194,0.4866665,0.0033125575,0.0035151471,0.0007133301,0.014351022
403,0.0007873767,0.0064218813,0.05227656,0.0039342204,0.0024232029,0.0012195249,0.022461172,0.001238654,0.0048465887,0.12496053,0.77943027
404,0.003753505,0.0062639387,0.2752704,0.32397252,0.08739313,0.1368601,0.035856906,0.0854212,0.033781145,0.0070977397,0.00432944
405,0.0060087354,0.004892976,0.2404325,0.096042655,0.49294576,0.0029204423,0.107413985,0.030352484,0.013004959,0.003964625,0.0020209167
406,0.0022656051,0.025372129,0.01203564,0.76833546,0.0046174754,0.1825474,0.00057934795,0.00040311096,0.0005255531,0.0023404933,0.0009777877
407,0.00057407806,0.0012092727,0.023910047,0.17998256,0.001759381,0.7815777,0.0019304447,0.0008527936,0.0008499668,0.0047668708,0.0025869268
408,0.00021932993,0.00015203716,0.92533696,0.01608846,0.0029742294,0.0008785977,0.04861815,0.0005728931,0.001834002,0.0005444413,0.002780924
409,0.0005685856,0.008292197,0.0068426444,0.6288745,0.0015499457,0.3495327,0.00032624073,0.0002179174,0.0005058354,0.00148163,0.0018077677
410,0.0004964166,0.0010131777,0.006713105,0.059800744,0.002947846,0.925573,0.0014479667,0.00026883712,0.00036954967,0.0009344161,0.00043497077
411,0.0028234848,0.008179173,0.040853262,0.2252777,0.57667196,0.120917246,0.0046843356,0.015061107,0.0026198342,0.0020801327,0.00083176576
412,0.000385088,0.0006444527,0.6421192,0.008370383,0.0028162939,0.0005915383,0.16611362,0.00071659114,0.07412771,0.0009889639,0.10312612
413,0.00094514934,0.0053710854,0.01620857,0.6758528,0.0065203933,0.28733307,0.00063809357,0.0009400936,0.0006290739,0.0041201534,0.0014415372
414,0.0009759915,0.003133926,0.172702,0.3887288,0.015224552,0.3741923,0.008742977,0.0014407493,0.002594069,0.0024794997,0.029785108
415,0.002300643,0.0033404133,0.13558342,0.088242576,0.18865953,0.16017768,0.37531027,0.018168136,0.013842339,0.008371235,0.00600375
416,0.000903004,0.0024240052,0.16024521,0.0050021154,0.0027750707,0.00142904,0.52301264,0.0014106317,0.026318748,0.0014295453,0.27504998
417,0.0003613261,0.0005799681,0.35066378,0.0044010524,0.012428041,0.000883252,0.6055436,0.00096868386,0.018976508,0.0007516028,0.004442201
418,0.00054317276,0.001348722,0.34617484,0.4490292,0.04043258,0.15103315,0.0051775007,0.0018434714,0.0011655337,0.0020595076,0.0011923898
419,0.0005013938,0.0020002523,0.0053630467,0.34652215,0.00087875937,0.6415492,0.00037950004,0.00029258477,0.00042319554,0.0012073368,0.0008826443
420,0.0027198384,0.0033509254,0.019793494,0.029051598,0.7355406,0.18248007,0.004619768,0.013833311,0.0017050521,0.0030598405,0.0038454984
421,0.00080135383,0.0011452686,0.5546426,0.043170195,0.14987822,0.0025081285,0.20750645,0.027737632,0.010152106,0.001100394,0.0013576366
422,0.00048441935,0.0014479614,0.48763078,0.13047539,0.34606522,0.010443513,0.012693072,0.001174729,0.0014485399,0.0013780551,0.006758311
423,0.00027960647,0.00028211236,0.7628138,0.006300032,0.0018690411,0.0005193275,0.17741475,0.00042077302,0.017260035,0.000329778,0.032510757
424,0.00050050626,0.00062648184,0.7145025,0.23036642,0.023844745,0.009318245,0.014329284,0.0025741076,0.0012495697,0.00071409706,0.0019739824
425,0.00021165004,0.00036141588,0.007997839,0.08536389,0.00084059325,0.9024264,0.00072036596,0.0007444931,0.0003418696,0.0006323905,0.00035906298
426,0.0011211779,0.0010217355,0.22715798,0.003258576,0.0021144312,0.0013611957,0.6905719,0.0028973198,0.06330802,0.004938079,0.0022496139
427,0.00035969695,0.0018867534,0.008804603,0.8797663,0.001688902,0.104979895,0.00018614551,0.00026200665,0.00027805706,0.00084721687,0.0009404325
428,0.013520166,0.94066447,0.0026696506,0.0058788066,0.012223376,0.0044196523,0.0021898835,0.0018015094,0.0024291654,0.0019275192,0.012275782
429,0.00053047354,0.0015489641,0.060705937,0.8163274,0.0071778623,0.11022954,0.0009367766,0.00037601424,0.0005874529,0.00091423094,0.0006653146
430,0.002847626,0.017894987,0.04431334,0.011165924,0.0011067746,0.009010572,0.014096921,0.0013033648,0.004531734,0.031163793,0.8625649
431,0.0035434775,0.005496199,0.0561048,0.010125669,0.0037847199,0.0042400835,0.47805676,0.008871489,0.14036253,0.0077377507,0.2816766
432,0.009860291,0.038474686,0.10318899,0.20319863,0.1319217,0.118274964,0.015739027,0.0031075787,0.024071561,0.048831567,0.303331
433,0.0007200506,0.0015095413,0.019248676,0.28641325,0.010703968,0.67731476,0.0008995595,0.00055635703,0.00034091735,0.0013024402,0.0009904485
434,0.00021126436,0.001778231,0.013144272,0.003704568,0.0006057811,0.00060129986,0.0021310698,0.0010903275,0.0009922918,0.0014257866,0.97431517
435,0.0009551674,0.0007851135,0.33456987,0.0065493444,0.0026909565,0.001211012,0.36422554,0.0008753353,0.2723022,0.0021717327,0.013663746
436,0.00064335123,0.0014907183,0.074666776,0.31731907,0.015044446,0.5806774,0.001672452,0.00090894115,0.000564569,0.0028569808,0.0041553276
437,0.0005637907,0.000622508,0.08012328,0.0023481138,0.0012904872,0.0005270258,0.85093087,0.018547487,0.04322151,0.00060658006,0.0012183491
438,0.0034126309,0.026015174,0.012997854,0.0563125,0.06872508,0.8075589,0.009520849,0.0036591396,0.002325276,0.005658874,0.0038136845
439,0.014745548,0.15048823,0.0068137096,0.106918775,0.023168655,0.678246,0.0019416573,0.0011664679,0.002715562,0.01048002,0.003315411
440,0.00039368472,0.0004789216,0.086873725,0.0042481394,0.0053965324,0.00072923116,0.8898571,0.00343193,0.0065291757,0.00053633016,0.0015252093
441,0.0037844598,0.016506767,0.07271893,0.013836026,0.6822989,0.008843516,0.18567833,0.0059769936,0.008012678,0.0014099207,0.0009334362
442,0.00026124716,0.0004871819,0.9188574,0.018518884,0.0039590946,0.0013733245,0.03209142,0.00072283327,0.0042335615,0.0013491109,0.018145861
443,0.0013072835,0.0032639378,0.08867446,0.4247405,0.0044979677,0.42727813,0.0050421455,0.0014426631,0.0055989875,0.0073550367,0.0307989
444,0.00039097512,0.000533455,0.3582669,0.0053717038,0.0017999746,0.0007469428,0.15667336,0.001741044,0.022672009,0.0012610761,0.45054254
445,0.005754483,0.9336136,0.0015027493,0.032520838,0.0037672077,0.012509066,0.00025322425,0.0009141386,0.0003327111,0.007863387,0.0009685755
446,0.00075664086,0.0011669409,0.33944604,0.22102448,0.017119914,0.37176818,0.03397331,0.0019420765,0.0074770735,0.0011449781,0.004180326
447,0.0005690778,0.004260183,0.0027007503,0.30146724,0.0010922852,0.68719447,0.00018756956,0.0002417248,0.00028000458,0.001241608,0.0007650655
448,0.00038829554,0.0018537712,0.041578017,0.722082,0.012815177,0.21539001,0.0010852071,0.00047496642,0.00049148215,0.0020644888,0.001776577
449,0.016434722,0.009039463,0.123032555,0.02430868,0.08390041,0.06652125,0.17205884,0.009164898,0.46933013,0.018827815,0.0073812613
450,0.005112962,0.1002114,0.3547514,0.022393819,0.034916386,0.009106392,0.3329029,0.0024234517,0.08944621,0.025043687,0.023691408
451,0.0007948844,0.0013367648,0.004360393,0.09370537,0.0015349931,0.8915945,0.001171111,0.00035574887,0.0007649171,0.0011506991,0.0032306556
452,0.0005948591,0.002401247,0.004004012,0.36821073,0.0014553763,0.62128645,0.00023552011,0.0002644486,0.00032164698,0.0008571757,0.00036856442
453,0.0027228761,0.0026329563,0.13172081,0.8091116,0.025044626,0.01862564,0.004662796,0.0011677643,0.00078556704,0.0023498414,0.001175623
454,0.0019069733,0.057178043,0.004430809,0.70481956,0.0037920778,0.2241532,0.00027709728,0.0004438458,0.0005039484,0.0017071089,0.00078720617
455,0.00042027055,0.00047955886,0.02847756,0.14597088,0.0039008688,0.813084,0.0019383077,0.0024847202,0.00068133307,0.0017884441,0.0007739706
456,0.0010082836,0.006411097,0.013474817,0.46676454,0.003366034,0.5014578,0.00064631214,0.000680626,0.00066683494,0.004016016,0.0015075925
457,0.0004794228,0.0006700473,0.106305584,0.0022896938,0.004251235,0.00065333245,0.78425753,0.0025547608,0.09678401,0.00077722676,0.0009771865
458,0.01675104,0.18775377,0.019217672,0.16720656,0.3239947,0.06066061,0.0034417522,0.0093134465,0.002603967,0.20461556,0.0044408925
459,0.00025547575,0.00016070445,0.8775576,0.024386805,0.003181257,0.0011092207,0.08862184,0.00032771457,0.0021535764,0.00034455807,0.0019012915
460,0.00021855666,0.000904518,0.050040226,0.007829129,0.0008676594,0.00058017863,0.019986823,0.0010339512,0.0058269715,0.0008871526,0.9118248
461,0.0032864485,0.036692493,0.024628997,0.003902988,0.0035894574,0.002332386,0.004267583,0.004796309,0.0042315563,0.88286674,0.029404992
462,0.0002894557,0.00028352314,0.08356975,0.0011612632,0.0021790136,0.00041428037,0.9046087,0.000511898,0.005561498,0.00028756875,0.0011330033
463,0.0006002702,0.00040743058,0.72864044,0.033913504,0.0041047935,0.0013578123,0.22200747,0.0014467968,0.0032194084,0.00064245623,0.0036596123
464,0.0009219932,0.0014019978,0.0039004795,0.036986273,0.004783612,0.9478676,0.0011823353,0.00030115893,0.0008097415,0.0013398804,0.00050492596
465,0.0008262667,0.0015412652,0.071538925,0.3927557,0.015638854,0.5092982,0.0030614417,0.0010683228,0.00081608695,0.0013547778,0.002100134
466,0.0005241416,0.0024481018,0.04131552,0.88773155,0.006786297,0.057765096,0.0006360116,0.00050763757,0.00049083226,0.0007488973,0.0010458602
467,0.00079475343,0.007454279,0.021263096,0.007848656,0.00067746575,0.0026270454,0.0124341715,0.002139974,0.0110308025,0.013228007,0.9205017
468,0.0036479742,0.011296416,0.02925632,0.55762327,0.03737946,0.35309172,0.0012361603,0.0011494954,0.0011353578,0.0031034616,0.0010804023
469,0.12037079,0.8668825,0.0002269489,0.0007864494,0.0032386624,0.0017309848,0.0006456437,0.0030488581,0.00043770374,0.0016951335,0.0009362893
470,0.0006199506,0.0006888005,0.4177436,0.0054560364,0.0052765813,0.0021300134,0.55279666,0.004248838,0.0073535787,0.0016252061,0.0020607584
471,0.9505045,0.03310177,0.000298227,0.002965575,0.004610151,0.0040797256,0.00037777325,0.0011485519,0.00048175213,0.0020814624,0.0003504562
472,0.0002553525,0.00035062083,0.6544272,0.012888466,0.020050729,0.0011203177,0.30220607,0.0014385975,0.005144288,0.0005936182,0.001524831
473,0.00050309213,0.0021985662,0.0031957217,0.22739434,0.0016062353,0.7624107,0.00031055635,0.00027347385,0.00022787294,0.0012928998,0.00058653974
474,0.0011440655,0.0015949653,0.012143591,0.7250797,0.0058179563,0.25063795,0.0007321319,0.000713816,0.00046232404,0.0012960488,0.00037739845
475,0.0012231817,0.008755445,0.84398067,0.056561552,0.015412186,0.0024191928,0.03504329,0.0005044523,0.017132618,0.0050149234,0.013952467
476,0.00037160894,0.00063852797,0.04886026,0.61817396,0.0034147084,0.32509932,0.0010707988,0.0003881833,0.00059977866,0.0007097063,0.0006730847
477,0.1499559,0.6897004,0.0062464336,0.017040063,0.005722542,0.018744316,0.0077164806,0.00373824,0.010406632,0.049649812,0.04107914
478,0.0006029283,0.0012859837,0.0051975325,0.28349543,0.004773494,0.70198095,0.0003229824,0.00022086888,0.00042929925,0.0010255261,0.0006649281
479,0.0004943306,0.0003431406,0.7495716,0.025170077,0.0094756335,0.003142542,0.20566948,0.00073150476,0.0018786512,0.00063761056,0.0028854068
480,0.0015899999,0.0065729865,0.19055623,0.5141125,0.023059161,0.23834701,0.0021624947,0.0016953854,0.0014965807,0.01552808,0.0048796074
481,0.00046865147,0.0010714816,0.0027778044,0.10051278,0.00094705785,0.8922451,0.00024984102,0.00016918438,0.0002257236,0.00091845205,0.00041390472
482,0.00044186212,0.00036645978,0.8101409,0.03212949,0.015938144,0.0013290908,0.12171352,0.0024282627,0.0029610167,0.0005826446,0.01196865
483,0.00017091454,0.00016901753,0.8950617,0.009829736,0.002256475,0.0007933166,0.05520945,0.00032384592,0.0024534184,0.0007545508,0.032977533
484,0.0031469478,0.0054880395,0.009936233,0.03466323,0.5605282,0.37781242,0.0020194096,0.0009817056,0.0016719305,0.002043787,0.0017080981
485,0.0005222853,0.0013437679,0.009262239,0.6003993,0.0013863684,0.3833186,0.0003682619,0.00017860092,0.0003228861,0.00213619,0.00076145155
