rewire_id,label_pred
sexism2022_english-10731,3.2 immutable gender differences and gender stereotypes
sexism2022_english-7356,3.2 immutable gender differences and gender stereotypes
sexism2022_english-13064,1.2 incitement and encouragement of harm
sexism2022_english-17039,3.2 immutable gender differences and gender stereotypes
sexism2022_english-14482,2.1 descriptive attacks
sexism2022_english-4534,2.1 descriptive attacks
sexism2022_english-16548,2.1 descriptive attacks
sexism2022_english-19332,2.2 aggressive and emotive attacks
sexism2022_english-8173,"3.1 casual use of gendered slurs, profanities, and insults"
sexism2022_english-18056,2.2 aggressive and emotive attacks
sexism2022_english-19528,1.2 incitement and encouragement of harm
sexism2022_english-13452,1.1 threats of harm
sexism2022_english-7156,1.2 incitement and encouragement of harm
sexism2022_english-13880,2.2 aggressive and emotive attacks
sexism2022_english-7266,1.2 incitement and encouragement of harm
sexism2022_english-5073,2.1 descriptive attacks
sexism2022_english-2412,4.2 supporting systemic discrimination against women as a group
sexism2022_english-19933,3.2 immutable gender differences and gender stereotypes
sexism2022_english-15876,4.2 supporting systemic discrimination against women as a group
sexism2022_english-11821,"3.1 casual use of gendered slurs, profanities, and insults"
sexism2022_english-16870,1.2 incitement and encouragement of harm
sexism2022_english-18872,2.2 aggressive and emotive attacks
sexism2022_english-15076,"3.1 casual use of gendered slurs, profanities, and insults"
sexism2022_english-1736,2.1 descriptive attacks
sexism2022_english-3791,2.1 descriptive attacks
sexism2022_english-5206,2.2 aggressive and emotive attacks
sexism2022_english-13678,"3.1 casual use of gendered slurs, profanities, and insults"
sexism2022_english-2115,"3.1 casual use of gendered slurs, profanities, and insults"
sexism2022_english-15999,2.2 aggressive and emotive attacks
sexism2022_english-3267,2.1 descriptive attacks
sexism2022_english-18079,"3.1 casual use of gendered slurs, profanities, and insults"
sexism2022_english-6014,3.2 immutable gender differences and gender stereotypes
sexism2022_english-15730,4.2 supporting systemic discrimination against women as a group
sexism2022_english-17495,"3.1 casual use of gendered slurs, profanities, and insults"
sexism2022_english-13970,2.2 aggressive and emotive attacks
sexism2022_english-10369,3.2 immutable gender differences and gender stereotypes
sexism2022_english-1868,3.2 immutable gender differences and gender stereotypes
sexism2022_english-10155,2.1 descriptive attacks
sexism2022_english-9835,2.2 aggressive and emotive attacks
sexism2022_english-14485,4.2 supporting systemic discrimination against women as a group
sexism2022_english-15195,3.2 immutable gender differences and gender stereotypes
sexism2022_english-17171,"3.1 casual use of gendered slurs, profanities, and insults"
sexism2022_english-3316,2.2 aggressive and emotive attacks
sexism2022_english-8426,4.2 supporting systemic discrimination against women as a group
sexism2022_english-8451,2.2 aggressive and emotive attacks
sexism2022_english-2217,2.3 dehumanising attacks & overt sexual objectification
sexism2022_english-12298,1.2 incitement and encouragement of harm
sexism2022_english-18766,2.3 dehumanising attacks & overt sexual objectification
sexism2022_english-8340,2.2 aggressive and emotive attacks
sexism2022_english-6173,"3.1 casual use of gendered slurs, profanities, and insults"
sexism2022_english-19442,2.2 aggressive and emotive attacks
sexism2022_english-4717,2.2 aggressive and emotive attacks
sexism2022_english-1938,2.1 descriptive attacks
sexism2022_english-6033,4.2 supporting systemic discrimination against women as a group
sexism2022_english-431,2.1 descriptive attacks
sexism2022_english-6107,4.2 supporting systemic discrimination against women as a group
sexism2022_english-10341,"3.1 casual use of gendered slurs, profanities, and insults"
sexism2022_english-16708,2.1 descriptive attacks
sexism2022_english-3853,2.2 aggressive and emotive attacks
sexism2022_english-4221,2.1 descriptive attacks
sexism2022_english-3131,2.2 aggressive and emotive attacks
sexism2022_english-7359,2.2 aggressive and emotive attacks
sexism2022_english-5864,2.1 descriptive attacks
sexism2022_english-10176,2.1 descriptive attacks
sexism2022_english-10268,3.2 immutable gender differences and gender stereotypes
sexism2022_english-6264,2.2 aggressive and emotive attacks
sexism2022_english-4119,3.3 backhanded gendered compliments
sexism2022_english-15247,2.2 aggressive and emotive attacks
sexism2022_english-2790,1.2 incitement and encouragement of harm
sexism2022_english-18294,1.2 incitement and encouragement of harm
sexism2022_english-16844,2.3 dehumanising attacks & overt sexual objectification
sexism2022_english-19404,1.2 incitement and encouragement of harm
sexism2022_english-16545,2.1 descriptive attacks
sexism2022_english-19501,2.2 aggressive and emotive attacks
sexism2022_english-7028,2.3 dehumanising attacks & overt sexual objectification
sexism2022_english-19907,2.1 descriptive attacks
sexism2022_english-13186,2.1 descriptive attacks
sexism2022_english-6808,2.2 aggressive and emotive attacks
sexism2022_english-5191,2.1 descriptive attacks
sexism2022_english-10538,2.2 aggressive and emotive attacks
sexism2022_english-12554,2.1 descriptive attacks
sexism2022_english-17889,2.1 descriptive attacks
sexism2022_english-9809,2.2 aggressive and emotive attacks
sexism2022_english-4156,3.2 immutable gender differences and gender stereotypes
sexism2022_english-8690,4.1 supporting mistreatment of individual women
sexism2022_english-11041,2.2 aggressive and emotive attacks
sexism2022_english-13053,2.2 aggressive and emotive attacks
sexism2022_english-2411,2.1 descriptive attacks
sexism2022_english-11181,2.2 aggressive and emotive attacks
sexism2022_english-2524,2.1 descriptive attacks
sexism2022_english-12276,2.1 descriptive attacks
sexism2022_english-16881,3.3 backhanded gendered compliments
sexism2022_english-7647,2.1 descriptive attacks
sexism2022_english-10488,4.2 supporting systemic discrimination against women as a group
sexism2022_english-4605,2.2 aggressive and emotive attacks
sexism2022_english-8575,2.1 descriptive attacks
sexism2022_english-3755,4.2 supporting systemic discrimination against women as a group
sexism2022_english-12277,"3.1 casual use of gendered slurs, profanities, and insults"
sexism2022_english-6906,2.2 aggressive and emotive attacks
sexism2022_english-1178,"3.1 casual use of gendered slurs, profanities, and insults"
sexism2022_english-1958,3.2 immutable gender differences and gender stereotypes
sexism2022_english-1661,2.2 aggressive and emotive attacks
sexism2022_english-13369,2.2 aggressive and emotive attacks
sexism2022_english-19449,2.1 descriptive attacks
sexism2022_english-14366,3.2 immutable gender differences and gender stereotypes
sexism2022_english-9931,2.2 aggressive and emotive attacks
sexism2022_english-9907,2.1 descriptive attacks
sexism2022_english-18325,3.2 immutable gender differences and gender stereotypes
sexism2022_english-328,1.2 incitement and encouragement of harm
sexism2022_english-7019,2.2 aggressive and emotive attacks
sexism2022_english-874,4.2 supporting systemic discrimination against women as a group
sexism2022_english-18249,2.2 aggressive and emotive attacks
sexism2022_english-146,1.2 incitement and encouragement of harm
sexism2022_english-16697,2.1 descriptive attacks
sexism2022_english-19989,2.2 aggressive and emotive attacks
sexism2022_english-18922,2.2 aggressive and emotive attacks
sexism2022_english-14369,"3.1 casual use of gendered slurs, profanities, and insults"
sexism2022_english-18057,"3.1 casual use of gendered slurs, profanities, and insults"
sexism2022_english-6237,2.2 aggressive and emotive attacks
sexism2022_english-3208,2.2 aggressive and emotive attacks
sexism2022_english-1455,"3.1 casual use of gendered slurs, profanities, and insults"
sexism2022_english-7972,2.2 aggressive and emotive attacks
sexism2022_english-5318,2.2 aggressive and emotive attacks
sexism2022_english-9561,3.2 immutable gender differences and gender stereotypes
sexism2022_english-13810,2.2 aggressive and emotive attacks
sexism2022_english-13808,4.2 supporting systemic discrimination against women as a group
sexism2022_english-1611,2.3 dehumanising attacks & overt sexual objectification
sexism2022_english-16341,2.2 aggressive and emotive attacks
sexism2022_english-5023,4.1 supporting mistreatment of individual women
sexism2022_english-19869,2.2 aggressive and emotive attacks
sexism2022_english-2831,4.1 supporting mistreatment of individual women
sexism2022_english-8995,1.2 incitement and encouragement of harm
sexism2022_english-19305,3.4 condescending explanations or unwelcome advice
sexism2022_english-1665,2.2 aggressive and emotive attacks
sexism2022_english-8218,"3.1 casual use of gendered slurs, profanities, and insults"
sexism2022_english-625,2.3 dehumanising attacks & overt sexual objectification
sexism2022_english-18808,2.2 aggressive and emotive attacks
sexism2022_english-10846,"3.1 casual use of gendered slurs, profanities, and insults"
sexism2022_english-1749,"3.1 casual use of gendered slurs, profanities, and insults"
sexism2022_english-14991,2.1 descriptive attacks
sexism2022_english-7118,3.2 immutable gender differences and gender stereotypes
sexism2022_english-18058,2.1 descriptive attacks
sexism2022_english-8452,4.2 supporting systemic discrimination against women as a group
sexism2022_english-16478,2.1 descriptive attacks
sexism2022_english-19842,2.3 dehumanising attacks & overt sexual objectification
sexism2022_english-16667,2.2 aggressive and emotive attacks
sexism2022_english-5368,"3.1 casual use of gendered slurs, profanities, and insults"
sexism2022_english-12588,"3.1 casual use of gendered slurs, profanities, and insults"
sexism2022_english-5842,1.1 threats of harm
sexism2022_english-17442,3.2 immutable gender differences and gender stereotypes
sexism2022_english-16890,"3.1 casual use of gendered slurs, profanities, and insults"
sexism2022_english-7093,2.2 aggressive and emotive attacks
sexism2022_english-13767,1.2 incitement and encouragement of harm
sexism2022_english-6934,1.2 incitement and encouragement of harm
sexism2022_english-11626,1.2 incitement and encouragement of harm
sexism2022_english-9998,4.2 supporting systemic discrimination against women as a group
sexism2022_english-7239,1.2 incitement and encouragement of harm
sexism2022_english-7937,2.2 aggressive and emotive attacks
sexism2022_english-8536,2.3 dehumanising attacks & overt sexual objectification
sexism2022_english-17782,2.2 aggressive and emotive attacks
sexism2022_english-6369,2.1 descriptive attacks
sexism2022_english-14511,3.2 immutable gender differences and gender stereotypes
sexism2022_english-7153,"3.1 casual use of gendered slurs, profanities, and insults"
sexism2022_english-2659,3.2 immutable gender differences and gender stereotypes
sexism2022_english-19218,2.1 descriptive attacks
sexism2022_english-7606,2.2 aggressive and emotive attacks
sexism2022_english-7438,3.2 immutable gender differences and gender stereotypes
sexism2022_english-1268,4.2 supporting systemic discrimination against women as a group
sexism2022_english-5669,3.2 immutable gender differences and gender stereotypes
sexism2022_english-10042,3.2 immutable gender differences and gender stereotypes
sexism2022_english-3180,2.3 dehumanising attacks & overt sexual objectification
sexism2022_english-19443,1.2 incitement and encouragement of harm
sexism2022_english-2113,2.2 aggressive and emotive attacks
sexism2022_english-2223,"3.1 casual use of gendered slurs, profanities, and insults"
sexism2022_english-6275,2.1 descriptive attacks
sexism2022_english-2490,2.3 dehumanising attacks & overt sexual objectification
sexism2022_english-19987,2.3 dehumanising attacks & overt sexual objectification
sexism2022_english-19824,2.2 aggressive and emotive attacks
sexism2022_english-5928,2.1 descriptive attacks
sexism2022_english-3950,2.2 aggressive and emotive attacks
sexism2022_english-9568,1.2 incitement and encouragement of harm
sexism2022_english-9415,"3.1 casual use of gendered slurs, profanities, and insults"
sexism2022_english-12336,3.2 immutable gender differences and gender stereotypes
sexism2022_english-17679,"3.1 casual use of gendered slurs, profanities, and insults"
sexism2022_english-11284,3.2 immutable gender differences and gender stereotypes
sexism2022_english-9929,2.3 dehumanising attacks & overt sexual objectification
sexism2022_english-10229,2.2 aggressive and emotive attacks
sexism2022_english-6741,"3.1 casual use of gendered slurs, profanities, and insults"
sexism2022_english-2915,2.2 aggressive and emotive attacks
sexism2022_english-4067,2.1 descriptive attacks
sexism2022_english-12264,4.2 supporting systemic discrimination against women as a group
sexism2022_english-15846,"3.1 casual use of gendered slurs, profanities, and insults"
sexism2022_english-4494,4.2 supporting systemic discrimination against women as a group
sexism2022_english-10623,2.2 aggressive and emotive attacks
sexism2022_english-8650,2.2 aggressive and emotive attacks
sexism2022_english-8427,"3.1 casual use of gendered slurs, profanities, and insults"
sexism2022_english-2732,2.1 descriptive attacks
sexism2022_english-7005,3.4 condescending explanations or unwelcome advice
sexism2022_english-7615,2.2 aggressive and emotive attacks
sexism2022_english-44,2.2 aggressive and emotive attacks
sexism2022_english-17346,2.3 dehumanising attacks & overt sexual objectification
sexism2022_english-18636,2.1 descriptive attacks
sexism2022_english-14879,"3.1 casual use of gendered slurs, profanities, and insults"
sexism2022_english-14061,2.1 descriptive attacks
sexism2022_english-14300,3.2 immutable gender differences and gender stereotypes
sexism2022_english-15046,2.1 descriptive attacks
sexism2022_english-14409,3.3 backhanded gendered compliments
sexism2022_english-11066,"3.1 casual use of gendered slurs, profanities, and insults"
sexism2022_english-665,2.2 aggressive and emotive attacks
sexism2022_english-5599,"3.1 casual use of gendered slurs, profanities, and insults"
sexism2022_english-16228,2.1 descriptive attacks
sexism2022_english-1380,2.1 descriptive attacks
sexism2022_english-194,2.3 dehumanising attacks & overt sexual objectification
sexism2022_english-5297,"3.1 casual use of gendered slurs, profanities, and insults"
sexism2022_english-269,1.2 incitement and encouragement of harm
sexism2022_english-5354,2.2 aggressive and emotive attacks
sexism2022_english-638,2.3 dehumanising attacks & overt sexual objectification
sexism2022_english-15317,2.1 descriptive attacks
sexism2022_english-17052,1.1 threats of harm
sexism2022_english-2476,2.2 aggressive and emotive attacks
sexism2022_english-1313,4.2 supporting systemic discrimination against women as a group
sexism2022_english-19074,"3.1 casual use of gendered slurs, profanities, and insults"
sexism2022_english-10748,2.2 aggressive and emotive attacks
sexism2022_english-5503,2.2 aggressive and emotive attacks
sexism2022_english-7314,2.2 aggressive and emotive attacks
sexism2022_english-12555,2.1 descriptive attacks
sexism2022_english-6629,2.2 aggressive and emotive attacks
sexism2022_english-14870,3.2 immutable gender differences and gender stereotypes
sexism2022_english-11346,"3.1 casual use of gendered slurs, profanities, and insults"
sexism2022_english-17240,2.2 aggressive and emotive attacks
sexism2022_english-19891,2.1 descriptive attacks
sexism2022_english-17781,2.2 aggressive and emotive attacks
sexism2022_english-19554,2.1 descriptive attacks
sexism2022_english-8000,2.2 aggressive and emotive attacks
sexism2022_english-1398,1.2 incitement and encouragement of harm
sexism2022_english-7782,2.2 aggressive and emotive attacks
sexism2022_english-4813,1.2 incitement and encouragement of harm
sexism2022_english-9427,2.1 descriptive attacks
sexism2022_english-11154,3.2 immutable gender differences and gender stereotypes
sexism2022_english-18577,4.2 supporting systemic discrimination against women as a group
sexism2022_english-8338,"3.1 casual use of gendered slurs, profanities, and insults"
sexism2022_english-3962,"3.1 casual use of gendered slurs, profanities, and insults"
sexism2022_english-6649,2.2 aggressive and emotive attacks
sexism2022_english-4006,3.2 immutable gender differences and gender stereotypes
sexism2022_english-16501,4.2 supporting systemic discrimination against women as a group
sexism2022_english-19616,3.2 immutable gender differences and gender stereotypes
sexism2022_english-2599,1.2 incitement and encouragement of harm
sexism2022_english-3702,2.2 aggressive and emotive attacks
sexism2022_english-6465,3.2 immutable gender differences and gender stereotypes
sexism2022_english-2862,"3.1 casual use of gendered slurs, profanities, and insults"
sexism2022_english-18355,3.2 immutable gender differences and gender stereotypes
sexism2022_english-1914,"3.1 casual use of gendered slurs, profanities, and insults"
sexism2022_english-12812,"3.1 casual use of gendered slurs, profanities, and insults"
sexism2022_english-8672,2.2 aggressive and emotive attacks
sexism2022_english-3981,2.2 aggressive and emotive attacks
sexism2022_english-3310,2.2 aggressive and emotive attacks
sexism2022_english-9430,"3.1 casual use of gendered slurs, profanities, and insults"
sexism2022_english-2761,2.2 aggressive and emotive attacks
sexism2022_english-23,2.1 descriptive attacks
sexism2022_english-13015,1.2 incitement and encouragement of harm
sexism2022_english-3368,2.1 descriptive attacks
sexism2022_english-12423,2.1 descriptive attacks
sexism2022_english-17375,2.2 aggressive and emotive attacks
sexism2022_english-12169,3.2 immutable gender differences and gender stereotypes
sexism2022_english-5961,1.1 threats of harm
sexism2022_english-18784,4.2 supporting systemic discrimination against women as a group
sexism2022_english-2109,3.2 immutable gender differences and gender stereotypes
sexism2022_english-11301,2.1 descriptive attacks
sexism2022_english-8908,2.1 descriptive attacks
sexism2022_english-9476,"3.1 casual use of gendered slurs, profanities, and insults"
sexism2022_english-18024,1.2 incitement and encouragement of harm
sexism2022_english-5649,2.1 descriptive attacks
sexism2022_english-9061,2.2 aggressive and emotive attacks
sexism2022_english-17956,2.2 aggressive and emotive attacks
sexism2022_english-17896,4.2 supporting systemic discrimination against women as a group
sexism2022_english-19595,2.2 aggressive and emotive attacks
sexism2022_english-13694,"3.1 casual use of gendered slurs, profanities, and insults"
sexism2022_english-12308,2.1 descriptive attacks
sexism2022_english-7161,2.2 aggressive and emotive attacks
sexism2022_english-17033,2.2 aggressive and emotive attacks
sexism2022_english-1763,2.1 descriptive attacks
sexism2022_english-16875,2.1 descriptive attacks
sexism2022_english-17796,2.1 descriptive attacks
sexism2022_english-15950,2.1 descriptive attacks
sexism2022_english-16997,"3.1 casual use of gendered slurs, profanities, and insults"
sexism2022_english-6429,2.1 descriptive attacks
sexism2022_english-6418,2.2 aggressive and emotive attacks
sexism2022_english-14810,1.2 incitement and encouragement of harm
sexism2022_english-595,2.2 aggressive and emotive attacks
sexism2022_english-19343,2.1 descriptive attacks
sexism2022_english-2737,2.3 dehumanising attacks & overt sexual objectification
sexism2022_english-11843,1.2 incitement and encouragement of harm
sexism2022_english-16821,2.1 descriptive attacks
sexism2022_english-19155,2.2 aggressive and emotive attacks
sexism2022_english-15245,4.2 supporting systemic discrimination against women as a group
sexism2022_english-10911,"3.1 casual use of gendered slurs, profanities, and insults"
sexism2022_english-13582,2.2 aggressive and emotive attacks
sexism2022_english-14031,3.3 backhanded gendered compliments
sexism2022_english-9946,2.2 aggressive and emotive attacks
sexism2022_english-14528,"3.1 casual use of gendered slurs, profanities, and insults"
sexism2022_english-7938,2.2 aggressive and emotive attacks
sexism2022_english-10490,2.2 aggressive and emotive attacks
sexism2022_english-14428,2.2 aggressive and emotive attacks
sexism2022_english-318,"3.1 casual use of gendered slurs, profanities, and insults"
sexism2022_english-13393,3.2 immutable gender differences and gender stereotypes
sexism2022_english-6255,2.2 aggressive and emotive attacks
sexism2022_english-5592,"3.1 casual use of gendered slurs, profanities, and insults"
sexism2022_english-2876,2.2 aggressive and emotive attacks
sexism2022_english-1024,4.1 supporting mistreatment of individual women
sexism2022_english-2285,4.2 supporting systemic discrimination against women as a group
sexism2022_english-1844,"3.1 casual use of gendered slurs, profanities, and insults"
sexism2022_english-10146,3.2 immutable gender differences and gender stereotypes
sexism2022_english-11872,"3.1 casual use of gendered slurs, profanities, and insults"
sexism2022_english-504,"3.1 casual use of gendered slurs, profanities, and insults"
sexism2022_english-19764,2.1 descriptive attacks
sexism2022_english-7968,2.3 dehumanising attacks & overt sexual objectification
sexism2022_english-1672,1.1 threats of harm
sexism2022_english-6450,"3.1 casual use of gendered slurs, profanities, and insults"
sexism2022_english-3404,3.2 immutable gender differences and gender stereotypes
sexism2022_english-9041,1.2 incitement and encouragement of harm
sexism2022_english-17826,"3.1 casual use of gendered slurs, profanities, and insults"
sexism2022_english-5121,"3.1 casual use of gendered slurs, profanities, and insults"
sexism2022_english-9937,"3.1 casual use of gendered slurs, profanities, and insults"
sexism2022_english-17288,3.2 immutable gender differences and gender stereotypes
sexism2022_english-9363,2.1 descriptive attacks
sexism2022_english-2078,3.2 immutable gender differences and gender stereotypes
sexism2022_english-18011,1.1 threats of harm
sexism2022_english-4744,3.3 backhanded gendered compliments
sexism2022_english-6401,2.2 aggressive and emotive attacks
sexism2022_english-8210,2.1 descriptive attacks
sexism2022_english-7317,2.2 aggressive and emotive attacks
sexism2022_english-3103,3.2 immutable gender differences and gender stereotypes
sexism2022_english-9511,"3.1 casual use of gendered slurs, profanities, and insults"
sexism2022_english-13733,"3.1 casual use of gendered slurs, profanities, and insults"
sexism2022_english-7704,2.3 dehumanising attacks & overt sexual objectification
sexism2022_english-2752,2.2 aggressive and emotive attacks
sexism2022_english-8462,2.2 aggressive and emotive attacks
sexism2022_english-7710,2.1 descriptive attacks
sexism2022_english-17075,"3.1 casual use of gendered slurs, profanities, and insults"
sexism2022_english-14868,3.2 immutable gender differences and gender stereotypes
sexism2022_english-9984,2.1 descriptive attacks
sexism2022_english-14525,2.2 aggressive and emotive attacks
sexism2022_english-10969,"3.1 casual use of gendered slurs, profanities, and insults"
sexism2022_english-10248,1.2 incitement and encouragement of harm
sexism2022_english-823,3.2 immutable gender differences and gender stereotypes
sexism2022_english-14269,4.2 supporting systemic discrimination against women as a group
sexism2022_english-12804,2.1 descriptive attacks
sexism2022_english-19239,2.1 descriptive attacks
sexism2022_english-571,2.1 descriptive attacks
sexism2022_english-580,1.2 incitement and encouragement of harm
sexism2022_english-2897,3.2 immutable gender differences and gender stereotypes
sexism2022_english-3586,3.2 immutable gender differences and gender stereotypes
sexism2022_english-15221,2.1 descriptive attacks
sexism2022_english-16740,2.2 aggressive and emotive attacks
sexism2022_english-14830,1.2 incitement and encouragement of harm
sexism2022_english-12315,2.2 aggressive and emotive attacks
sexism2022_english-9152,"3.1 casual use of gendered slurs, profanities, and insults"
sexism2022_english-19372,2.2 aggressive and emotive attacks
sexism2022_english-16129,3.2 immutable gender differences and gender stereotypes
sexism2022_english-19161,"3.1 casual use of gendered slurs, profanities, and insults"
sexism2022_english-18231,3.2 immutable gender differences and gender stereotypes
sexism2022_english-863,3.2 immutable gender differences and gender stereotypes
sexism2022_english-7046,3.2 immutable gender differences and gender stereotypes
sexism2022_english-12218,2.1 descriptive attacks
sexism2022_english-11583,4.2 supporting systemic discrimination against women as a group
sexism2022_english-18386,2.2 aggressive and emotive attacks
sexism2022_english-12098,4.2 supporting systemic discrimination against women as a group
sexism2022_english-14596,1.2 incitement and encouragement of harm
sexism2022_english-4981,3.3 backhanded gendered compliments
sexism2022_english-4780,"3.1 casual use of gendered slurs, profanities, and insults"
sexism2022_english-13364,2.2 aggressive and emotive attacks
sexism2022_english-11239,4.2 supporting systemic discrimination against women as a group
sexism2022_english-5341,2.2 aggressive and emotive attacks
sexism2022_english-18510,"3.1 casual use of gendered slurs, profanities, and insults"
sexism2022_english-7072,"3.1 casual use of gendered slurs, profanities, and insults"
sexism2022_english-15156,3.2 immutable gender differences and gender stereotypes
sexism2022_english-11296,1.2 incitement and encouragement of harm
sexism2022_english-19953,4.2 supporting systemic discrimination against women as a group
sexism2022_english-19735,3.2 immutable gender differences and gender stereotypes
sexism2022_english-15665,1.2 incitement and encouragement of harm
sexism2022_english-9103,3.2 immutable gender differences and gender stereotypes
sexism2022_english-7708,1.2 incitement and encouragement of harm
sexism2022_english-15981,2.1 descriptive attacks
sexism2022_english-14204,2.2 aggressive and emotive attacks
sexism2022_english-735,2.2 aggressive and emotive attacks
sexism2022_english-17691,3.2 immutable gender differences and gender stereotypes
sexism2022_english-9199,2.1 descriptive attacks
sexism2022_english-9935,1.1 threats of harm
sexism2022_english-30,"3.1 casual use of gendered slurs, profanities, and insults"
sexism2022_english-13597,2.1 descriptive attacks
sexism2022_english-12580,2.1 descriptive attacks
sexism2022_english-14519,2.3 dehumanising attacks & overt sexual objectification
sexism2022_english-17926,"3.1 casual use of gendered slurs, profanities, and insults"
sexism2022_english-17170,2.2 aggressive and emotive attacks
sexism2022_english-18026,"3.1 casual use of gendered slurs, profanities, and insults"
sexism2022_english-17641,2.2 aggressive and emotive attacks
sexism2022_english-14700,3.2 immutable gender differences and gender stereotypes
sexism2022_english-949,2.2 aggressive and emotive attacks
sexism2022_english-5453,2.3 dehumanising attacks & overt sexual objectification
sexism2022_english-5162,"3.1 casual use of gendered slurs, profanities, and insults"
sexism2022_english-1381,"3.1 casual use of gendered slurs, profanities, and insults"
sexism2022_english-3419,2.3 dehumanising attacks & overt sexual objectification
sexism2022_english-17059,2.1 descriptive attacks
sexism2022_english-14708,2.1 descriptive attacks
sexism2022_english-10304,4.2 supporting systemic discrimination against women as a group
sexism2022_english-5263,"3.1 casual use of gendered slurs, profanities, and insults"
sexism2022_english-10934,2.1 descriptive attacks
sexism2022_english-12229,4.2 supporting systemic discrimination against women as a group
sexism2022_english-5963,1.2 incitement and encouragement of harm
sexism2022_english-7912,3.2 immutable gender differences and gender stereotypes
sexism2022_english-4829,3.2 immutable gender differences and gender stereotypes
sexism2022_english-10894,3.2 immutable gender differences and gender stereotypes
sexism2022_english-11573,"3.1 casual use of gendered slurs, profanities, and insults"
sexism2022_english-9440,2.2 aggressive and emotive attacks
sexism2022_english-5809,"3.1 casual use of gendered slurs, profanities, and insults"
sexism2022_english-15829,2.2 aggressive and emotive attacks
sexism2022_english-4291,2.2 aggressive and emotive attacks
sexism2022_english-476,2.2 aggressive and emotive attacks
sexism2022_english-7226,3.2 immutable gender differences and gender stereotypes
sexism2022_english-1728,2.2 aggressive and emotive attacks
sexism2022_english-1917,3.2 immutable gender differences and gender stereotypes
sexism2022_english-3163,2.2 aggressive and emotive attacks
sexism2022_english-1395,2.1 descriptive attacks
sexism2022_english-18660,2.2 aggressive and emotive attacks
sexism2022_english-1814,3.2 immutable gender differences and gender stereotypes
sexism2022_english-18654,"3.1 casual use of gendered slurs, profanities, and insults"
sexism2022_english-1588,3.2 immutable gender differences and gender stereotypes
sexism2022_english-13599,3.2 immutable gender differences and gender stereotypes
sexism2022_english-14770,2.1 descriptive attacks
sexism2022_english-427,3.2 immutable gender differences and gender stereotypes
sexism2022_english-16848,3.3 backhanded gendered compliments
sexism2022_english-4108,2.1 descriptive attacks
sexism2022_english-11136,"3.1 casual use of gendered slurs, profanities, and insults"
sexism2022_english-14051,"3.1 casual use of gendered slurs, profanities, and insults"
sexism2022_english-415,3.3 backhanded gendered compliments
sexism2022_english-13280,4.2 supporting systemic discrimination against women as a group
sexism2022_english-18187,2.1 descriptive attacks
sexism2022_english-12107,"3.1 casual use of gendered slurs, profanities, and insults"
sexism2022_english-11613,3.2 immutable gender differences and gender stereotypes
sexism2022_english-17071,3.2 immutable gender differences and gender stereotypes
sexism2022_english-1904,2.1 descriptive attacks
sexism2022_english-7888,3.3 backhanded gendered compliments
sexism2022_english-3788,3.2 immutable gender differences and gender stereotypes
sexism2022_english-16835,2.2 aggressive and emotive attacks
sexism2022_english-10386,1.2 incitement and encouragement of harm
sexism2022_english-7455,1.2 incitement and encouragement of harm
sexism2022_english-18481,3.2 immutable gender differences and gender stereotypes
sexism2022_english-7103,2.1 descriptive attacks
sexism2022_english-8409,"3.1 casual use of gendered slurs, profanities, and insults"
sexism2022_english-19966,4.2 supporting systemic discrimination against women as a group
sexism2022_english-1205,3.2 immutable gender differences and gender stereotypes
sexism2022_english-9648,4.2 supporting systemic discrimination against women as a group
sexism2022_english-15305,4.2 supporting systemic discrimination against women as a group
sexism2022_english-17168,1.2 incitement and encouragement of harm
sexism2022_english-16987,2.1 descriptive attacks
sexism2022_english-11192,2.2 aggressive and emotive attacks
sexism2022_english-1296,"3.1 casual use of gendered slurs, profanities, and insults"
sexism2022_english-7440,2.2 aggressive and emotive attacks
sexism2022_english-783,2.1 descriptive attacks
sexism2022_english-17358,3.2 immutable gender differences and gender stereotypes
sexism2022_english-14871,2.2 aggressive and emotive attacks
sexism2022_english-10379,4.1 supporting mistreatment of individual women
sexism2022_english-13702,2.2 aggressive and emotive attacks
sexism2022_english-10735,"3.1 casual use of gendered slurs, profanities, and insults"
sexism2022_english-11579,2.2 aggressive and emotive attacks
sexism2022_english-4456,4.2 supporting systemic discrimination against women as a group
sexism2022_english-9044,1.2 incitement and encouragement of harm
sexism2022_english-18705,"3.1 casual use of gendered slurs, profanities, and insults"
sexism2022_english-9850,3.2 immutable gender differences and gender stereotypes
sexism2022_english-15575,2.1 descriptive attacks
sexism2022_english-6439,"3.1 casual use of gendered slurs, profanities, and insults"
sexism2022_english-17974,"3.1 casual use of gendered slurs, profanities, and insults"
sexism2022_english-13793,2.1 descriptive attacks
sexism2022_english-5972,"3.1 casual use of gendered slurs, profanities, and insults"
sexism2022_english-16735,2.2 aggressive and emotive attacks
sexism2022_english-9033,2.2 aggressive and emotive attacks
sexism2022_english-10581,2.1 descriptive attacks
sexism2022_english-2738,4.2 supporting systemic discrimination against women as a group
sexism2022_english-8286,4.2 supporting systemic discrimination against women as a group
sexism2022_english-2590,1.2 incitement and encouragement of harm
sexism2022_english-15781,"3.1 casual use of gendered slurs, profanities, and insults"
sexism2022_english-16152,2.1 descriptive attacks
sexism2022_english-6204,2.2 aggressive and emotive attacks
sexism2022_english-14909,2.1 descriptive attacks
sexism2022_english-14270,2.3 dehumanising attacks & overt sexual objectification
sexism2022_english-18136,1.2 incitement and encouragement of harm
sexism2022_english-13836,2.2 aggressive and emotive attacks
sexism2022_english-6060,2.2 aggressive and emotive attacks
sexism2022_english-8907,4.2 supporting systemic discrimination against women as a group
sexism2022_english-14775,2.1 descriptive attacks
sexism2022_english-7096,2.1 descriptive attacks
sexism2022_english-7719,2.2 aggressive and emotive attacks
sexism2022_english-16668,2.2 aggressive and emotive attacks
sexism2022_english-8074,"3.1 casual use of gendered slurs, profanities, and insults"
sexism2022_english-6743,3.2 immutable gender differences and gender stereotypes
sexism2022_english-8344,2.2 aggressive and emotive attacks
sexism2022_english-9030,2.2 aggressive and emotive attacks
sexism2022_english-5994,4.2 supporting systemic discrimination against women as a group
sexism2022_english-12467,2.2 aggressive and emotive attacks
sexism2022_english-12784,2.1 descriptive attacks
sexism2022_english-1932,4.2 supporting systemic discrimination against women as a group
sexism2022_english-15753,2.2 aggressive and emotive attacks
sexism2022_english-17100,3.2 immutable gender differences and gender stereotypes
sexism2022_english-14143,2.1 descriptive attacks
sexism2022_english-14904,1.2 incitement and encouragement of harm
sexism2022_english-3392,"3.1 casual use of gendered slurs, profanities, and insults"
sexism2022_english-3906,4.1 supporting mistreatment of individual women
sexism2022_english-16073,1.2 incitement and encouragement of harm
sexism2022_english-4167,3.2 immutable gender differences and gender stereotypes
sexism2022_english-16255,2.3 dehumanising attacks & overt sexual objectification
sexism2022_english-7675,4.2 supporting systemic discrimination against women as a group
sexism2022_english-17017,3.2 immutable gender differences and gender stereotypes
sexism2022_english-3865,"3.1 casual use of gendered slurs, profanities, and insults"
sexism2022_english-18715,2.3 dehumanising attacks & overt sexual objectification
sexism2022_english-7934,3.2 immutable gender differences and gender stereotypes
sexism2022_english-13587,2.1 descriptive attacks
sexism2022_english-9072,"3.1 casual use of gendered slurs, profanities, and insults"
sexism2022_english-959,"3.1 casual use of gendered slurs, profanities, and insults"
sexism2022_english-7424,"3.1 casual use of gendered slurs, profanities, and insults"
sexism2022_english-13212,"3.1 casual use of gendered slurs, profanities, and insults"
sexism2022_english-4668,2.2 aggressive and emotive attacks
sexism2022_english-8225,"3.1 casual use of gendered slurs, profanities, and insults"
sexism2022_english-8261,2.1 descriptive attacks
sexism2022_english-15960,2.2 aggressive and emotive attacks
sexism2022_english-12476,3.2 immutable gender differences and gender stereotypes
sexism2022_english-4781,2.2 aggressive and emotive attacks
sexism2022_english-16183,2.2 aggressive and emotive attacks
sexism2022_english-19576,1.2 incitement and encouragement of harm
sexism2022_english-16769,2.1 descriptive attacks
sexism2022_english-455,"3.1 casual use of gendered slurs, profanities, and insults"
sexism2022_english-17730,2.2 aggressive and emotive attacks
sexism2022_english-8892,4.2 supporting systemic discrimination against women as a group
sexism2022_english-2120,"3.1 casual use of gendered slurs, profanities, and insults"
sexism2022_english-614,1.2 incitement and encouragement of harm
sexism2022_english-18346,4.1 supporting mistreatment of individual women
sexism2022_english-12267,2.1 descriptive attacks
sexism2022_english-5790,2.1 descriptive attacks
sexism2022_english-11075,"3.1 casual use of gendered slurs, profanities, and insults"
sexism2022_english-395,"3.1 casual use of gendered slurs, profanities, and insults"
sexism2022_english-9882,3.2 immutable gender differences and gender stereotypes
sexism2022_english-18280,2.1 descriptive attacks
sexism2022_english-15178,2.1 descriptive attacks
sexism2022_english-1370,2.2 aggressive and emotive attacks
sexism2022_english-4661,4.1 supporting mistreatment of individual women
sexism2022_english-16193,4.2 supporting systemic discrimination against women as a group
sexism2022_english-3393,2.1 descriptive attacks
sexism2022_english-13224,3.3 backhanded gendered compliments
sexism2022_english-19395,"3.1 casual use of gendered slurs, profanities, and insults"
sexism2022_english-3170,"3.1 casual use of gendered slurs, profanities, and insults"
sexism2022_english-12508,2.1 descriptive attacks
sexism2022_english-2621,1.2 incitement and encouragement of harm
sexism2022_english-9084,2.1 descriptive attacks
sexism2022_english-4193,4.2 supporting systemic discrimination against women as a group
sexism2022_english-12679,4.2 supporting systemic discrimination against women as a group
sexism2022_english-10938,2.3 dehumanising attacks & overt sexual objectification
sexism2022_english-3630,2.2 aggressive and emotive attacks
sexism2022_english-6096,4.2 supporting systemic discrimination against women as a group
sexism2022_english-17739,2.2 aggressive and emotive attacks
sexism2022_english-11844,1.1 threats of harm
sexism2022_english-6442,1.2 incitement and encouragement of harm
sexism2022_english-19413,2.2 aggressive and emotive attacks
sexism2022_english-16100,4.2 supporting systemic discrimination against women as a group
sexism2022_english-17227,2.1 descriptive attacks
sexism2022_english-15742,2.1 descriptive attacks
sexism2022_english-19591,2.2 aggressive and emotive attacks
sexism2022_english-3263,2.1 descriptive attacks
sexism2022_english-6846,2.2 aggressive and emotive attacks
sexism2022_english-67,2.1 descriptive attacks
sexism2022_english-12521,2.1 descriptive attacks
sexism2022_english-11119,4.2 supporting systemic discrimination against women as a group
sexism2022_english-10921,2.3 dehumanising attacks & overt sexual objectification
sexism2022_english-15192,2.3 dehumanising attacks & overt sexual objectification
sexism2022_english-2650,1.2 incitement and encouragement of harm
sexism2022_english-3216,"3.1 casual use of gendered slurs, profanities, and insults"
sexism2022_english-17021,2.2 aggressive and emotive attacks
sexism2022_english-2389,2.2 aggressive and emotive attacks
sexism2022_english-13215,2.1 descriptive attacks
sexism2022_english-11979,2.1 descriptive attacks
sexism2022_english-8375,2.1 descriptive attacks
sexism2022_english-11763,2.1 descriptive attacks
sexism2022_english-909,2.3 dehumanising attacks & overt sexual objectification
sexism2022_english-12388,1.1 threats of harm
sexism2022_english-19322,3.2 immutable gender differences and gender stereotypes
sexism2022_english-11638,1.2 incitement and encouragement of harm
sexism2022_english-17942,"3.1 casual use of gendered slurs, profanities, and insults"
sexism2022_english-10350,3.4 condescending explanations or unwelcome advice
sexism2022_english-17459,2.3 dehumanising attacks & overt sexual objectification
sexism2022_english-311,1.2 incitement and encouragement of harm
sexism2022_english-11822,1.2 incitement and encouragement of harm
sexism2022_english-2011,1.2 incitement and encouragement of harm
sexism2022_english-375,2.2 aggressive and emotive attacks
sexism2022_english-11170,"3.1 casual use of gendered slurs, profanities, and insults"
sexism2022_english-7561,2.1 descriptive attacks
sexism2022_english-19583,3.2 immutable gender differences and gender stereotypes
sexism2022_english-19048,2.2 aggressive and emotive attacks
sexism2022_english-1149,2.2 aggressive and emotive attacks
sexism2022_english-17101,2.1 descriptive attacks
sexism2022_english-14197,2.2 aggressive and emotive attacks
sexism2022_english-7873,2.1 descriptive attacks
sexism2022_english-11845,4.2 supporting systemic discrimination against women as a group
sexism2022_english-7902,"3.1 casual use of gendered slurs, profanities, and insults"
sexism2022_english-86,"3.1 casual use of gendered slurs, profanities, and insults"
sexism2022_english-15343,2.3 dehumanising attacks & overt sexual objectification
sexism2022_english-404,3.2 immutable gender differences and gender stereotypes
sexism2022_english-6336,"3.1 casual use of gendered slurs, profanities, and insults"
sexism2022_english-6693,3.2 immutable gender differences and gender stereotypes
sexism2022_english-15616,3.2 immutable gender differences and gender stereotypes
sexism2022_english-1110,2.1 descriptive attacks
sexism2022_english-5945,2.2 aggressive and emotive attacks
sexism2022_english-16758,2.1 descriptive attacks
sexism2022_english-16219,2.1 descriptive attacks
sexism2022_english-7803,1.2 incitement and encouragement of harm
sexism2022_english-3523,1.2 incitement and encouragement of harm
sexism2022_english-1839,4.1 supporting mistreatment of individual women
sexism2022_english-3431,2.2 aggressive and emotive attacks
sexism2022_english-2392,4.2 supporting systemic discrimination against women as a group
sexism2022_english-13560,2.1 descriptive attacks
sexism2022_english-2088,"3.1 casual use of gendered slurs, profanities, and insults"
sexism2022_english-13913,2.2 aggressive and emotive attacks
sexism2022_english-12867,2.1 descriptive attacks
sexism2022_english-11395,2.3 dehumanising attacks & overt sexual objectification
sexism2022_english-10990,2.1 descriptive attacks
sexism2022_english-4081,"3.1 casual use of gendered slurs, profanities, and insults"
sexism2022_english-19973,2.2 aggressive and emotive attacks
sexism2022_english-7111,2.2 aggressive and emotive attacks
sexism2022_english-11165,2.1 descriptive attacks
sexism2022_english-6761,2.1 descriptive attacks
sexism2022_english-19029,2.1 descriptive attacks
sexism2022_english-14147,2.1 descriptive attacks
sexism2022_english-4575,2.1 descriptive attacks
sexism2022_english-13518,2.3 dehumanising attacks & overt sexual objectification
sexism2022_english-19892,2.2 aggressive and emotive attacks
sexism2022_english-106,"3.1 casual use of gendered slurs, profanities, and insults"
sexism2022_english-13725,1.2 incitement and encouragement of harm
sexism2022_english-18100,1.2 incitement and encouragement of harm
sexism2022_english-7190,2.2 aggressive and emotive attacks
sexism2022_english-5747,2.1 descriptive attacks
sexism2022_english-3476,2.2 aggressive and emotive attacks
sexism2022_english-12996,2.3 dehumanising attacks & overt sexual objectification
sexism2022_english-12565,4.2 supporting systemic discrimination against women as a group
sexism2022_english-5965,3.3 backhanded gendered compliments
sexism2022_english-11038,2.1 descriptive attacks
sexism2022_english-15986,2.2 aggressive and emotive attacks
sexism2022_english-16274,2.2 aggressive and emotive attacks
sexism2022_english-11559,3.2 immutable gender differences and gender stereotypes
sexism2022_english-8288,"3.1 casual use of gendered slurs, profanities, and insults"
sexism2022_english-17997,4.2 supporting systemic discrimination against women as a group
sexism2022_english-1435,2.2 aggressive and emotive attacks
sexism2022_english-13469,"3.1 casual use of gendered slurs, profanities, and insults"
sexism2022_english-1211,2.2 aggressive and emotive attacks
sexism2022_english-16757,3.2 immutable gender differences and gender stereotypes
sexism2022_english-16025,"3.1 casual use of gendered slurs, profanities, and insults"
sexism2022_english-5375,"3.1 casual use of gendered slurs, profanities, and insults"
sexism2022_english-11886,1.2 incitement and encouragement of harm
sexism2022_english-11254,2.2 aggressive and emotive attacks
sexism2022_english-766,4.2 supporting systemic discrimination against women as a group
sexism2022_english-4718,1.2 incitement and encouragement of harm
sexism2022_english-6480,"3.1 casual use of gendered slurs, profanities, and insults"
sexism2022_english-12897,2.1 descriptive attacks
sexism2022_english-4217,2.1 descriptive attacks
sexism2022_english-15456,4.1 supporting mistreatment of individual women
sexism2022_english-18126,4.2 supporting systemic discrimination against women as a group
sexism2022_english-17418,2.1 descriptive attacks
sexism2022_english-13979,3.3 backhanded gendered compliments
sexism2022_english-12211,2.1 descriptive attacks
sexism2022_english-4162,2.1 descriptive attacks
sexism2022_english-16340,3.2 immutable gender differences and gender stereotypes
sexism2022_english-13047,3.2 immutable gender differences and gender stereotypes
sexism2022_english-18300,1.2 incitement and encouragement of harm
sexism2022_english-6843,2.1 descriptive attacks
sexism2022_english-10573,2.1 descriptive attacks
sexism2022_english-2667,4.2 supporting systemic discrimination against women as a group
sexism2022_english-8112,1.2 incitement and encouragement of harm
sexism2022_english-8878,2.1 descriptive attacks
sexism2022_english-14567,"3.1 casual use of gendered slurs, profanities, and insults"
sexism2022_english-7984,2.3 dehumanising attacks & overt sexual objectification
sexism2022_english-9149,"3.1 casual use of gendered slurs, profanities, and insults"
sexism2022_english-6755,2.2 aggressive and emotive attacks
sexism2022_english-17073,2.3 dehumanising attacks & overt sexual objectification
sexism2022_english-5551,"3.1 casual use of gendered slurs, profanities, and insults"
sexism2022_english-5072,3.2 immutable gender differences and gender stereotypes
sexism2022_english-17801,2.2 aggressive and emotive attacks
sexism2022_english-17036,4.2 supporting systemic discrimination against women as a group
sexism2022_english-11761,3.4 condescending explanations or unwelcome advice
sexism2022_english-16781,2.2 aggressive and emotive attacks
sexism2022_english-10231,1.2 incitement and encouragement of harm
sexism2022_english-5579,2.2 aggressive and emotive attacks
sexism2022_english-11241,2.1 descriptive attacks
sexism2022_english-5925,"3.1 casual use of gendered slurs, profanities, and insults"
sexism2022_english-5145,2.2 aggressive and emotive attacks
sexism2022_english-14711,3.2 immutable gender differences and gender stereotypes
sexism2022_english-16099,"3.1 casual use of gendered slurs, profanities, and insults"
sexism2022_english-14217,2.1 descriptive attacks
sexism2022_english-5384,2.2 aggressive and emotive attacks
sexism2022_english-3186,1.2 incitement and encouragement of harm
sexism2022_english-10028,4.2 supporting systemic discrimination against women as a group
sexism2022_english-1420,2.1 descriptive attacks
sexism2022_english-7860,4.1 supporting mistreatment of individual women
sexism2022_english-1134,"3.1 casual use of gendered slurs, profanities, and insults"
sexism2022_english-14593,2.1 descriptive attacks
sexism2022_english-14057,2.1 descriptive attacks
sexism2022_english-13150,"3.1 casual use of gendered slurs, profanities, and insults"
sexism2022_english-18441,1.2 incitement and encouragement of harm
sexism2022_english-679,2.3 dehumanising attacks & overt sexual objectification
sexism2022_english-4537,1.1 threats of harm
sexism2022_english-5787,2.2 aggressive and emotive attacks
sexism2022_english-10263,"3.1 casual use of gendered slurs, profanities, and insults"
sexism2022_english-8691,2.2 aggressive and emotive attacks
sexism2022_english-10880,2.2 aggressive and emotive attacks
sexism2022_english-2798,3.2 immutable gender differences and gender stereotypes
sexism2022_english-4055,2.2 aggressive and emotive attacks
sexism2022_english-12207,"3.1 casual use of gendered slurs, profanities, and insults"
sexism2022_english-11744,2.3 dehumanising attacks & overt sexual objectification
sexism2022_english-16448,2.1 descriptive attacks
sexism2022_english-14219,2.2 aggressive and emotive attacks
sexism2022_english-16956,3.2 immutable gender differences and gender stereotypes
sexism2022_english-14900,1.2 incitement and encouragement of harm
sexism2022_english-1907,3.2 immutable gender differences and gender stereotypes
sexism2022_english-3830,"3.1 casual use of gendered slurs, profanities, and insults"
sexism2022_english-12576,2.2 aggressive and emotive attacks
sexism2022_english-14500,2.1 descriptive attacks
sexism2022_english-9435,"3.1 casual use of gendered slurs, profanities, and insults"
sexism2022_english-14648,4.2 supporting systemic discrimination against women as a group
sexism2022_english-11408,"3.1 casual use of gendered slurs, profanities, and insults"
sexism2022_english-16397,2.2 aggressive and emotive attacks
sexism2022_english-15103,3.2 immutable gender differences and gender stereotypes
sexism2022_english-829,2.1 descriptive attacks
sexism2022_english-8188,2.2 aggressive and emotive attacks
sexism2022_english-8221,2.1 descriptive attacks
sexism2022_english-15020,3.2 immutable gender differences and gender stereotypes
sexism2022_english-15474,1.2 incitement and encouragement of harm
sexism2022_english-15582,3.2 immutable gender differences and gender stereotypes
sexism2022_english-14943,2.2 aggressive and emotive attacks
sexism2022_english-389,1.2 incitement and encouragement of harm
sexism2022_english-10330,"3.1 casual use of gendered slurs, profanities, and insults"
sexism2022_english-16826,4.2 supporting systemic discrimination against women as a group
sexism2022_english-11121,4.2 supporting systemic discrimination against women as a group
sexism2022_english-13940,"3.1 casual use of gendered slurs, profanities, and insults"
sexism2022_english-11149,2.2 aggressive and emotive attacks
sexism2022_english-4639,3.3 backhanded gendered compliments
sexism2022_english-12534,2.2 aggressive and emotive attacks
sexism2022_english-4069,2.2 aggressive and emotive attacks
sexism2022_english-6198,2.1 descriptive attacks
sexism2022_english-17,2.2 aggressive and emotive attacks
sexism2022_english-1196,"3.1 casual use of gendered slurs, profanities, and insults"
sexism2022_english-10465,2.1 descriptive attacks
sexism2022_english-3587,2.2 aggressive and emotive attacks
sexism2022_english-7642,1.2 incitement and encouragement of harm
sexism2022_english-1096,2.3 dehumanising attacks & overt sexual objectification
sexism2022_english-5424,2.1 descriptive attacks
sexism2022_english-4950,2.2 aggressive and emotive attacks
sexism2022_english-5361,2.1 descriptive attacks
sexism2022_english-4370,1.2 incitement and encouragement of harm
sexism2022_english-5827,2.2 aggressive and emotive attacks
sexism2022_english-5867,1.2 incitement and encouragement of harm
sexism2022_english-808,3.4 condescending explanations or unwelcome advice
sexism2022_english-17616,1.2 incitement and encouragement of harm
sexism2022_english-8078,3.2 immutable gender differences and gender stereotypes
sexism2022_english-6795,"3.1 casual use of gendered slurs, profanities, and insults"
sexism2022_english-8197,2.1 descriptive attacks
sexism2022_english-13101,2.3 dehumanising attacks & overt sexual objectification
sexism2022_english-1823,2.2 aggressive and emotive attacks
sexism2022_english-12260,1.2 incitement and encouragement of harm
sexism2022_english-9477,3.2 immutable gender differences and gender stereotypes
sexism2022_english-18062,"3.1 casual use of gendered slurs, profanities, and insults"
sexism2022_english-18919,2.3 dehumanising attacks & overt sexual objectification
sexism2022_english-9124,2.1 descriptive attacks
sexism2022_english-19330,"3.1 casual use of gendered slurs, profanities, and insults"
sexism2022_english-8237,1.2 incitement and encouragement of harm
sexism2022_english-14067,3.2 immutable gender differences and gender stereotypes
sexism2022_english-19888,2.1 descriptive attacks
sexism2022_english-19778,2.2 aggressive and emotive attacks
sexism2022_english-4608,3.2 immutable gender differences and gender stereotypes
sexism2022_english-15540,2.2 aggressive and emotive attacks
sexism2022_english-262,2.1 descriptive attacks
sexism2022_english-13255,"3.1 casual use of gendered slurs, profanities, and insults"
sexism2022_english-3500,2.1 descriptive attacks
sexism2022_english-19056,2.1 descriptive attacks
sexism2022_english-4053,2.1 descriptive attacks
sexism2022_english-9291,2.1 descriptive attacks
sexism2022_english-1854,1.2 incitement and encouragement of harm
sexism2022_english-19131,2.1 descriptive attacks
sexism2022_english-17108,3.2 immutable gender differences and gender stereotypes
sexism2022_english-90,2.2 aggressive and emotive attacks
sexism2022_english-19203,2.1 descriptive attacks
sexism2022_english-767,2.2 aggressive and emotive attacks
sexism2022_english-10112,2.1 descriptive attacks
sexism2022_english-10516,2.1 descriptive attacks
sexism2022_english-19018,4.2 supporting systemic discrimination against women as a group
sexism2022_english-3443,2.1 descriptive attacks
sexism2022_english-10026,2.1 descriptive attacks
sexism2022_english-10203,"3.1 casual use of gendered slurs, profanities, and insults"
sexism2022_english-5676,3.4 condescending explanations or unwelcome advice
sexism2022_english-1351,2.1 descriptive attacks
sexism2022_english-2317,2.1 descriptive attacks
sexism2022_english-12700,4.2 supporting systemic discrimination against women as a group
sexism2022_english-6874,2.1 descriptive attacks
sexism2022_english-18709,2.1 descriptive attacks
sexism2022_english-19890,2.2 aggressive and emotive attacks
sexism2022_english-18213,"3.1 casual use of gendered slurs, profanities, and insults"
sexism2022_english-8384,2.2 aggressive and emotive attacks
sexism2022_english-2882,"3.1 casual use of gendered slurs, profanities, and insults"
sexism2022_english-6980,2.1 descriptive attacks
sexism2022_english-9303,3.2 immutable gender differences and gender stereotypes
sexism2022_english-2413,2.1 descriptive attacks
sexism2022_english-5214,"3.1 casual use of gendered slurs, profanities, and insults"
sexism2022_english-4758,"3.1 casual use of gendered slurs, profanities, and insults"
sexism2022_english-16174,2.1 descriptive attacks
sexism2022_english-1520,2.2 aggressive and emotive attacks
sexism2022_english-14758,1.2 incitement and encouragement of harm
sexism2022_english-14232,2.2 aggressive and emotive attacks
sexism2022_english-2110,"3.1 casual use of gendered slurs, profanities, and insults"
sexism2022_english-8091,3.2 immutable gender differences and gender stereotypes
sexism2022_english-13460,"3.1 casual use of gendered slurs, profanities, and insults"
sexism2022_english-4921,1.2 incitement and encouragement of harm
sexism2022_english-16217,4.2 supporting systemic discrimination against women as a group
sexism2022_english-2940,4.2 supporting systemic discrimination against women as a group
sexism2022_english-9254,4.2 supporting systemic discrimination against women as a group
sexism2022_english-11529,2.2 aggressive and emotive attacks
sexism2022_english-8439,"3.1 casual use of gendered slurs, profanities, and insults"
sexism2022_english-16292,2.1 descriptive attacks
sexism2022_english-6250,"3.1 casual use of gendered slurs, profanities, and insults"
sexism2022_english-6804,2.1 descriptive attacks
sexism2022_english-1664,2.2 aggressive and emotive attacks
sexism2022_english-15286,2.2 aggressive and emotive attacks
sexism2022_english-13042,2.2 aggressive and emotive attacks
sexism2022_english-19911,1.2 incitement and encouragement of harm
sexism2022_english-78,2.3 dehumanising attacks & overt sexual objectification
sexism2022_english-18247,"3.1 casual use of gendered slurs, profanities, and insults"
sexism2022_english-16493,2.1 descriptive attacks
sexism2022_english-19211,2.3 dehumanising attacks & overt sexual objectification
sexism2022_english-8889,2.3 dehumanising attacks & overt sexual objectification
sexism2022_english-8034,2.1 descriptive attacks
sexism2022_english-8926,2.3 dehumanising attacks & overt sexual objectification
sexism2022_english-16414,3.2 immutable gender differences and gender stereotypes
sexism2022_english-12245,2.1 descriptive attacks
sexism2022_english-7490,2.2 aggressive and emotive attacks
sexism2022_english-19308,2.1 descriptive attacks
sexism2022_english-18066,"3.1 casual use of gendered slurs, profanities, and insults"
sexism2022_english-4656,2.1 descriptive attacks
sexism2022_english-1506,2.1 descriptive attacks
sexism2022_english-9087,1.1 threats of harm
sexism2022_english-13693,2.1 descriptive attacks
sexism2022_english-9513,2.1 descriptive attacks
sexism2022_english-11340,2.2 aggressive and emotive attacks
sexism2022_english-14211,2.1 descriptive attacks
sexism2022_english-19257,"3.1 casual use of gendered slurs, profanities, and insults"
sexism2022_english-4204,"3.1 casual use of gendered slurs, profanities, and insults"
sexism2022_english-17649,3.2 immutable gender differences and gender stereotypes
sexism2022_english-289,2.3 dehumanising attacks & overt sexual objectification
sexism2022_english-7682,"3.1 casual use of gendered slurs, profanities, and insults"
sexism2022_english-3734,1.2 incitement and encouragement of harm
sexism2022_english-9026,4.1 supporting mistreatment of individual women
sexism2022_english-8739,4.2 supporting systemic discrimination against women as a group
sexism2022_english-12768,2.3 dehumanising attacks & overt sexual objectification
sexism2022_english-14372,2.2 aggressive and emotive attacks
sexism2022_english-1667,3.2 immutable gender differences and gender stereotypes
sexism2022_english-13368,2.2 aggressive and emotive attacks
sexism2022_english-19470,2.2 aggressive and emotive attacks
sexism2022_english-8398,1.1 threats of harm
sexism2022_english-13099,2.2 aggressive and emotive attacks
sexism2022_english-14044,2.2 aggressive and emotive attacks
sexism2022_english-16079,2.3 dehumanising attacks & overt sexual objectification
sexism2022_english-7362,3.2 immutable gender differences and gender stereotypes
sexism2022_english-9692,3.2 immutable gender differences and gender stereotypes
sexism2022_english-7003,2.1 descriptive attacks
sexism2022_english-17647,2.1 descriptive attacks
sexism2022_english-19925,2.1 descriptive attacks
sexism2022_english-11619,3.2 immutable gender differences and gender stereotypes
sexism2022_english-6090,2.3 dehumanising attacks & overt sexual objectification
sexism2022_english-1835,"3.1 casual use of gendered slurs, profanities, and insults"
sexism2022_english-16603,1.2 incitement and encouragement of harm
sexism2022_english-4184,"3.1 casual use of gendered slurs, profanities, and insults"
sexism2022_english-17565,2.2 aggressive and emotive attacks
sexism2022_english-12799,2.1 descriptive attacks
sexism2022_english-5209,2.2 aggressive and emotive attacks
sexism2022_english-6057,4.2 supporting systemic discrimination against women as a group
sexism2022_english-12255,2.2 aggressive and emotive attacks
sexism2022_english-8150,"3.1 casual use of gendered slurs, profanities, and insults"
sexism2022_english-7620,2.2 aggressive and emotive attacks
sexism2022_english-11609,3.2 immutable gender differences and gender stereotypes
sexism2022_english-8503,3.2 immutable gender differences and gender stereotypes
sexism2022_english-1869,3.2 immutable gender differences and gender stereotypes
sexism2022_english-17440,2.3 dehumanising attacks & overt sexual objectification
sexism2022_english-16803,2.2 aggressive and emotive attacks
sexism2022_english-7549,"3.1 casual use of gendered slurs, profanities, and insults"
sexism2022_english-11071,2.2 aggressive and emotive attacks
sexism2022_english-10728,4.2 supporting systemic discrimination against women as a group
sexism2022_english-16610,2.3 dehumanising attacks & overt sexual objectification
sexism2022_english-8491,2.2 aggressive and emotive attacks
sexism2022_english-16578,"3.1 casual use of gendered slurs, profanities, and insults"
sexism2022_english-1482,2.1 descriptive attacks
sexism2022_english-8318,2.1 descriptive attacks
sexism2022_english-9615,2.1 descriptive attacks
sexism2022_english-2889,3.2 immutable gender differences and gender stereotypes
sexism2022_english-12163,"3.1 casual use of gendered slurs, profanities, and insults"
sexism2022_english-7977,"3.1 casual use of gendered slurs, profanities, and insults"
sexism2022_english-12170,"3.1 casual use of gendered slurs, profanities, and insults"
sexism2022_english-11015,2.2 aggressive and emotive attacks
sexism2022_english-12093,3.2 immutable gender differences and gender stereotypes
sexism2022_english-7851,2.1 descriptive attacks
sexism2022_english-6361,3.2 immutable gender differences and gender stereotypes
sexism2022_english-6304,2.1 descriptive attacks
sexism2022_english-7820,2.1 descriptive attacks
sexism2022_english-17991,2.1 descriptive attacks
sexism2022_english-2818,2.1 descriptive attacks
sexism2022_english-17158,2.2 aggressive and emotive attacks
sexism2022_english-9684,2.3 dehumanising attacks & overt sexual objectification
sexism2022_english-9116,4.1 supporting mistreatment of individual women
sexism2022_english-1069,"3.1 casual use of gendered slurs, profanities, and insults"
sexism2022_english-13625,"3.1 casual use of gendered slurs, profanities, and insults"
sexism2022_english-17469,2.2 aggressive and emotive attacks
sexism2022_english-5977,2.1 descriptive attacks
sexism2022_english-17780,3.2 immutable gender differences and gender stereotypes
sexism2022_english-647,3.2 immutable gender differences and gender stereotypes
sexism2022_english-9177,2.3 dehumanising attacks & overt sexual objectification
sexism2022_english-14094,"3.1 casual use of gendered slurs, profanities, and insults"
sexism2022_english-11692,4.2 supporting systemic discrimination against women as a group
sexism2022_english-11496,1.2 incitement and encouragement of harm
sexism2022_english-5886,1.2 incitement and encouragement of harm
sexism2022_english-15108,4.2 supporting systemic discrimination against women as a group
sexism2022_english-9403,1.2 incitement and encouragement of harm
sexism2022_english-10456,2.2 aggressive and emotive attacks
sexism2022_english-368,2.2 aggressive and emotive attacks
sexism2022_english-8351,"3.1 casual use of gendered slurs, profanities, and insults"
sexism2022_english-11231,"3.1 casual use of gendered slurs, profanities, and insults"
sexism2022_english-18016,"3.1 casual use of gendered slurs, profanities, and insults"
sexism2022_english-15918,"3.1 casual use of gendered slurs, profanities, and insults"
sexism2022_english-15899,2.1 descriptive attacks
sexism2022_english-15081,1.1 threats of harm
sexism2022_english-8979,2.1 descriptive attacks
sexism2022_english-6880,2.1 descriptive attacks
sexism2022_english-7036,4.2 supporting systemic discrimination against women as a group
sexism2022_english-12075,2.2 aggressive and emotive attacks
sexism2022_english-1131,3.2 immutable gender differences and gender stereotypes
sexism2022_english-9258,1.2 incitement and encouragement of harm
sexism2022_english-17117,3.2 immutable gender differences and gender stereotypes
sexism2022_english-19601,2.1 descriptive attacks
sexism2022_english-919,3.2 immutable gender differences and gender stereotypes
sexism2022_english-8914,4.2 supporting systemic discrimination against women as a group
sexism2022_english-9599,2.2 aggressive and emotive attacks
sexism2022_english-18558,2.2 aggressive and emotive attacks
sexism2022_english-6974,2.1 descriptive attacks
sexism2022_english-460,2.1 descriptive attacks
sexism2022_english-11498,2.1 descriptive attacks
sexism2022_english-820,2.1 descriptive attacks
sexism2022_english-3646,2.3 dehumanising attacks & overt sexual objectification
sexism2022_english-14974,2.1 descriptive attacks
sexism2022_english-12295,1.2 incitement and encouragement of harm
sexism2022_english-15150,"3.1 casual use of gendered slurs, profanities, and insults"
sexism2022_english-14605,1.2 incitement and encouragement of harm
sexism2022_english-7026,4.2 supporting systemic discrimination against women as a group
sexism2022_english-18814,2.1 descriptive attacks
sexism2022_english-13241,2.2 aggressive and emotive attacks
sexism2022_english-740,"3.1 casual use of gendered slurs, profanities, and insults"
sexism2022_english-12458,"3.1 casual use of gendered slurs, profanities, and insults"
sexism2022_english-2550,2.1 descriptive attacks
sexism2022_english-9926,1.1 threats of harm
sexism2022_english-16056,4.2 supporting systemic discrimination against women as a group
sexism2022_english-19579,2.1 descriptive attacks
sexism2022_english-4250,3.2 immutable gender differences and gender stereotypes
sexism2022_english-18230,3.2 immutable gender differences and gender stereotypes
sexism2022_english-17935,2.1 descriptive attacks
sexism2022_english-19272,2.2 aggressive and emotive attacks
sexism2022_english-4416,"3.1 casual use of gendered slurs, profanities, and insults"
sexism2022_english-18444,2.3 dehumanising attacks & overt sexual objectification
sexism2022_english-2617,3.3 backhanded gendered compliments
sexism2022_english-18744,2.1 descriptive attacks
sexism2022_english-15798,2.2 aggressive and emotive attacks
sexism2022_english-2318,1.2 incitement and encouragement of harm
